channel_name,subscribers,category,views_counts,video_count,started_year,rank
"
T-Series
    ","252,000,000",Music,"237,488,717,837",Music,2006,1
"
SET India
    ","164,000,000",Shows,"153,562,562,482",Shows,2006,2
"
Sony SAB
    ","86,700,000",Shows,"106,373,500,472",Shows,2007,3
"
Colors TV
    ","68,200,000",Shows,"65,471,430,109",Shows,2008,4
"
Zee Music Company
    ","102,000,000",Music,"61,556,002,571",Music,2014,5
"
ChuChu TV Nursery Rhymes & Kids Songs
    ","68,500,000",Education,"48,012,185,336",Education,2013,6
"
Wave Music
    ","59,500,000",Music,"41,342,735,314",Music,2014,7
"
YRF
    ","56,800,000",Film & Animation,"37,545,079,015",Film & Animation,2006,8
"
Tips Official
    ","62,000,000",Music,"35,324,377,300",Music,2007,9
"
Vijay Television
    ","21,800,000",Entertainment,"33,261,234,887",Entertainment,2007,10
"
Infobells - Hindi
    ","56,900,000",Education,"32,804,274,867",Education,2014,11
"
T-Series Bhakti Sagar
    ","64,100,000",Music,"31,453,062,173",Music,2011,12
"
Sony Music India
    ","58,400,000",Music,"29,919,897,899",Music,2009,13
"
Speed Records
    ","43,000,000",Music,"27,487,097,366",Music,2012,14
"
Aaj Tak
    ","59,700,000",News & Politics,"27,056,790,361",News & Politics,2009,15
"
Aditya Music India
    ","29,200,000",Music,"26,967,421,316",Music,2008,16
"
Goldmines
    ","91,600,000",Film & Animation,"26,313,512,673",Film & Animation,2012,17
"
KL BRO Biju Rithvik
    ","33,900,000",Entertainment,"26,055,972,847",Entertainment,2020,18
"
Sun TV
    ","25,200,000",People & Blogs,"24,802,399,903",People & Blogs,2016,19
"
T-Series Bollywood Classics
    ","37,300,000",Music,"24,001,998,548",Music,2012,20
"
etvteluguindia
    ","19,900,000",Entertainment,"23,957,284,940",Entertainment,2010,21
"
Shemaroo
    ","49,800,000",Entertainment,"23,389,753,677",Entertainment,2007,22
"
Shorts Break
    ","32,600,000",Comedy,"22,128,396,564",Comedy,2021,23
"
T-Series Apna Punjab
    ","35,300,000",Music,"22,118,434,190",Music,2011,24
"
Dushyant kukreja
    ","33,800,000",Entertainment,"20,569,250,056",Entertainment,2015,25
"
ZEE5
    ","14,700,000",Entertainment,"19,052,524,551",Entertainment,2018,26
"
Zee News
    ","32,900,000",News & Politics,"18,895,759,663",News & Politics,2007,27
"
infobells - Tamil
    ","30,100,000",Education,"18,636,898,237",Education,2014,28
"
Mazhavil Manorama
    ","16,700,000",Entertainment,"17,910,342,953",Entertainment,2011,29
"
Goldmines Gaane Sune Ansune
    ","39,700,000",Music,"17,582,904,246",Music,2015,30
"
IndiaTV
    ","37,300,000",News & Politics,"17,443,383,075",News & Politics,2006,31
"
WowKidz
    ","33,500,000",Film & Animation,"17,369,611,464",Film & Animation,2015,32
"
Worldwide Records Bhojpuri
    ","32,700,000",Music,"16,983,008,674",Music,2012,33
"
Jkk Entertainment
    ","37,400,000",Comedy,"16,588,028,826",Comedy,2017,34
"
Tarang TV
    ","8,170,000",Entertainment,"16,469,272,283",Entertainment,2012,35
"
Dangal TV Channel
    ","24,900,000",Entertainment,"16,098,138,242",Entertainment,2017,36
"
Ultra Bollywood
    ","37,600,000",Trailers,"15,971,421,110",Trailers,2009,37
"
Asianet
    ","9,830,000",Entertainment,"15,905,253,732",Entertainment,2008,38
"
infobells - Telugu
    ","30,000,000",Education,"15,790,890,407",Education,2014,39
"
Rajshri
    ","34,500,000",Music,"15,644,554,687",Music,2006,40
"
Ishaan Ali 11
    ","25,600,000",People & Blogs,"15,069,538,913",People & Blogs,2016,41
"
Gulshan Kalra
    ","30,600,000",Howto & Style,"14,160,344,464",Howto & Style,2018,42
"
ABP NEWS
    ","38,700,000",People & Blogs,"14,126,308,378",People & Blogs,2012,43
"
Priyal Kukreja
    ","24,500,000",People & Blogs,"14,069,915,253",People & Blogs,2021,44
"
ETV Jabardasth
    ","14,300,000",People & Blogs,"14,013,713,800",People & Blogs,2015,45
"
BehindwoodsTV
    ","13,600,000",Entertainment,"13,444,438,727",Entertainment,2010,46
"
LittleGlove
    ","13,400,000",People & Blogs,"13,223,574,473",People & Blogs,2020,47
"
Kashvi Adlakha
    ","16,000,000",Entertainment,"13,085,844,834",Entertainment,2017,48
"
Geet MP3
    ","34,600,000",Music,"13,078,727,096",Music,2016,49
"
Taarak Mehta Ka Ooltah Chashmah
    ","18,800,000",Entertainment,"12,830,209,316",Entertainment,2014,50
"
Lahari Music - TSeries
    ","17,200,000",Music,"12,311,500,277",Music,2011,51
"
LIV Crime
    ","23,100,000",People & Blogs,"12,291,035,723",People & Blogs,2020,52
"
Flowers Comedy
    ","12,900,000",Entertainment,"12,270,015,856",Entertainment,2015,53
"
Neetu Bisht
    ","17,900,000",Entertainment,"12,148,108,888",Entertainment,2011,54
"
Apu Alone
    ","9,960,000",Comedy,"12,014,277,805",Comedy,2021,55
"
TV9 Bharatvarsh
    ","17,100,000",People & Blogs,"11,951,659,305",People & Blogs,2018,56
"
SEVENGERS
    ","15,500,000",Comedy,"11,526,406,465",Comedy,2018,57
"
KHANDESHI MOVIES
    ","33,500,000",Comedy,"11,517,757,950",Comedy,2013,58
"
Bobby chourasiya
    ","22,000,000",People & Blogs,"11,485,856,251",People & Blogs,2019,59
"
Azhan5star
    ","25,700,000",Entertainment,"11,406,385,348",Entertainment,2021,60
"
The Lallantop
    ","26,400,000",News & Politics,"11,342,909,138",News & Politics,2015,61
"
White Hill Music
    ","23,300,000",Entertainment,"11,296,470,625",Entertainment,2014,62
"
Polimer News
    ","9,380,000",News & Politics,"11,098,680,852",News & Politics,2014,63
"
Aditya Movies
    ","30,200,000",Movies,"11,076,913,864",Movies,2012,64
"
Sony Music South
    ","16,200,000",Music,"11,069,189,536",Music,2014,65
"
Family Fitness
    ","13,000,000",Entertainment,"10,754,023,710",Entertainment,2017,66
"
Tilak
    ","26,300,000",Film & Animation,"10,662,056,366",Film & Animation,2020,67
"
Heroindori
    ","27,800,000",Comedy,"10,577,441,018",Comedy,2020,68
"
Cheri's World
    ","16,300,000",People & Blogs,"10,564,326,702",People & Blogs,2014,69
"
The Vishal bhatt
    ","15,600,000",Comedy,"10,543,932,399",Comedy,2021,70
"
Techno Gamerz
    ","36,600,000",Gaming,"10,503,671,551",Gaming,2017,71
"
Sourav Joshi Vlogs
    ","23,200,000",People & Blogs,"10,473,783,448",People & Blogs,2019,72
"
unknown boy varun
    ","25,700,000",Music,"10,354,875,277",Music,2016,73
"
Desi Music Factory
    ","33,700,000",Music,"10,336,187,494",Music,2014,74
"
ABP MAJHA
    ","11,700,000",News & Politics,"10,306,836,877",News & Politics,2014,75
"
spider-maaaaaaan / ã¹ãã¤ãã¼ã¡ã¼ã³
    ","14,400,000",,"10,223,804,693",,2022,76
"
Sun Bangla
    ","9,360,000",Entertainment,"10,211,634,697",Entertainment,2018,77
"
V6 News Telugu
    ","9,510,000",News & Politics,"10,188,775,411",News & Politics,2013,78
"
Thanthi TV
    ","8,990,000",News & Politics,"10,120,141,082",News & Politics,2012,79
"
Volga Video
    ","16,000,000",Film & Animation,"9,921,470,988",Film & Animation,2012,80
"
TV9 Telugu Live
    ","10,800,000",Entertainment,"9,881,220,410",Entertainment,2011,81
"
SriBalajiMovies
    ","17,200,000",Entertainment,"9,879,966,962",Entertainment,2011,82
"
A2 Motivation by Arvind Arora
    ","16,100,000",Entertainment,"9,802,656,350",Entertainment,2017,83
"
Green Gold TV - Official Channel
    ","20,300,000",Film & Animation,"9,778,900,755",Film & Animation,2011,84
"
Prime Video India
    ","18,900,000",Entertainment,"9,697,097,382",Entertainment,2016,85
"
Aayu and Pihu Show
    ","17,100,000",Comedy,"9,658,257,426",Comedy,2017,86
"
Manorama News
    ","8,360,000",News & Politics,"9,592,499,313",News & Politics,2014,87
"
Republic Bharat
    ","18,600,000",News & Politics,"9,578,413,074",News & Politics,2019,88
"
The geeta gurjar
    ","15,500,000",,"9,478,474,198",,2021,89
"
Akshay Nagwadiya
    ","28,400,000",Entertainment,"9,472,946,586",Entertainment,2017,90
"
Goldmines Bollywood
    ","27,800,000",Film & Animation,"9,139,345,654",Film & Animation,2015,91
"
Goldmines Dishoom
    ","29,300,000",Film & Animation,"9,122,917,712",Film & Animation,2016,92
"
THE BROWN SIBLINGS
    ","15,600,000",Entertainment,"9,024,175,039",Entertainment,2016,93
"
Pop Chartbusters
    ","17,400,000",Music,"9,018,407,389",Music,2011,94
"
VENDY YADUWANSHI
    ","12,800,000",Entertainment,"8,991,011,347",Entertainment,2020,95
"
STAR à¤­à¤¾à¤°à¤¤
    ","12,500,000",People & Blogs,"8,970,779,133",People & Blogs,2007,96
"
News 24
    ","18,200,000",News & Politics,"8,962,817,801",News & Politics,2014,97
"
jaanvi patel
    ","20,300,000",People & Blogs,"8,895,933,993",People & Blogs,2018,98
"
Wow Kidz Action
    ","20,100,000",Film & Animation,"8,768,688,605",Film & Animation,2017,99
"
Vijay Kumar Viner Vlogs
    ","16,100,000",Entertainment,"8,766,497,143",Entertainment,2019,100
"
RS 1313 SHORTS
    ","15,300,000",Entertainment,"8,733,947,418",Entertainment,2020,101
"
Right to Shiksha
    ","13,800,000",Education,"8,665,159,179",Education,2020,102
"
Harpreet SDC
    ","11,500,000",Entertainment,"8,585,499,858",Entertainment,2019,103
"
prashu__baby
    ","9,360,000",Entertainment,"8,582,905,814",Entertainment,2011,104
"
Infobells Bangla
    ","16,900,000",Education,"8,546,803,602",Education,2016,105
"
ABPLIVE
    ","26,200,000",People & Blogs,"8,543,866,172",People & Blogs,2017,106
"
Netflix India
    ","22,600,000",People & Blogs,"8,442,880,628",People & Blogs,2016,107
"
deepesh zo
    ","19,900,000",People & Blogs,"8,325,886,723",People & Blogs,2021,108
"
Raj Grover
    ","10,900,000",Entertainment,"8,287,682,418",Entertainment,2021,109
"
Busy Fun Ltd
    ","19,600,000",,"8,258,917,681",,2019,110
"
Shemaroo Movies
    ","29,900,000",Entertainment,"8,218,556,187",Entertainment,2011,111
"
Sony LIV
    ","16,700,000",Entertainment,"8,169,728,974",Entertainment,2014,112
"
Crazy XYZ
    ","28,400,000",Entertainment,"8,143,307,355",Entertainment,2017,113
"
Saregama TV Shows Tamil
    ","7,430,000",People & Blogs,"8,109,151,098",People & Blogs,2018,114
"
Anand Audio
    ","11,100,000",Music,"8,094,050,544",Music,2011,115
"
Fun For Kids TV - Hindi Rhymes
    ","18,300,000",Entertainment,"8,090,223,661",Entertainment,2017,116
"
Pari's Lifestyle
    ","12,600,000",People & Blogs,"7,942,249,601",People & Blogs,2018,117
"
Zee Kids
    ","13,000,000",Film & Animation,"7,928,542,223",Film & Animation,2012,118
"
NTV Telugu
    ","7,760,000",News & Politics,"7,899,175,161",News & Politics,2014,119
"
Sonotek
    ","19,400,000",Entertainment,"7,718,244,709",Entertainment,2011,120
"
NMF News
    ","17,000,000",News & Politics,"7,683,956,203",News & Politics,2013,121
"
ETV Dhee
    ","10,500,000",People & Blogs,"7,661,079,943",People & Blogs,2017,122
"
Kiddiestv Hindi - Nursery Rhymes & Kids Songs
    ","21,000,000",Education,"7,590,088,688",Education,2017,123
"
Anupam Movie Songs
    ","11,500,000",Music,"7,530,071,970",Music,2018,124
"
Paayal Tena Short Videos
    ","10,500,000",People & Blogs,"7,470,192,906",People & Blogs,2021,125
"
mallemalatv
    ","8,490,000",Entertainment,"7,424,298,434",Entertainment,2014,126
"
CHANDAN ART ACADEMY
    ","9,810,000",Education,"7,264,632,321",Education,2016,127
"
VikatanTV
    ","7,300,000",Shows,"7,238,036,484",Shows,2011,128
"
TeluguOne
    ","9,820,000",Comedy,"7,221,011,069",Comedy,2006,129
"
123 GO! Hindi
    ","10,700,000",Entertainment,"7,076,750,965",Entertainment,2019,130
"
LIV Comedy
    ","11,600,000",Entertainment,"7,048,287,601",Entertainment,2020,131
"
Pen Movies
    ","25,300,000",Film & Animation,"7,024,975,489",Film & Animation,2014,132
"
Ruh
    ","12,400,000",People & Blogs,"7,003,489,389",People & Blogs,2021,133
"
infobells - Kannada
    ","14,900,000",Education,"6,988,612,034",Education,2014,134
"
sagar kalra (Shorts)
    ","17,200,000",People & Blogs,"6,920,890,934",People & Blogs,2017,135
"
SVF
    ","11,700,000",Music,"6,883,757,819",Music,2006,136
"
Kids TV India Hindi Nursery Rhymes
    ","14,200,000",Shows,"6,877,700,508",Shows,2014,137
"
NDTV India
    ","15,400,000",News & Politics,"6,827,577,879",News & Politics,2008,138
"
Mukesh jaiswal
    ","10,800,000",People & Blogs,"6,731,242,307",People & Blogs,2017,139
"
Sangeeth Kumar
    ","10,400,000",People & Blogs,"6,700,823,417",People & Blogs,2021,140
"
Akash Parihar
    ","9,400,000",People & Blogs,"6,639,170,575",People & Blogs,2021,141
"
Bihari Ladka
    ","11,300,000",Gaming,"6,636,019,514",Gaming,2017,142
"
SagaHits
    ","12,000,000",Music,"6,586,335,903",Music,2010,143
"
Voot
    ","8,740,000",People & Blogs,"6,562,923,597",People & Blogs,2016,144
"
SRK MUSIC
    ","15,600,000",Music,"6,559,926,146",Music,2012,145
"
Samayra Narula Official
    ","11,100,000",People & Blogs,"6,528,941,665",People & Blogs,2020,146
"
Noman Official
    ","18,300,000",Comedy,"6,505,297,178",Comedy,2019,147
"
MY FAMILY
    ","16,300,000",,"6,469,402,962",,2019,148
"
Vikram Singh Fitness
    ","6,920,000",Sports,"6,458,308,970",Sports,2018,149
"
Village Cooking Channel
    ","22,900,000",Howto & Style,"6,430,499,374",Howto & Style,2018,150
"
Enterr10 Rangeela
    ","12,800,000",Entertainment,"6,388,676,773",Entertainment,2017,151
"
Paytm
    ","571,000",People & Blogs,"6,377,423,330",People & Blogs,2013,152
"
Nirahua Music World
    ","12,400,000",Music,"6,376,236,538",Music,2014,153
"
Artist Shikha Sharma
    ","9,570,000",Entertainment,"6,339,597,151",Entertainment,2019,154
"
Zee 24 Taas
    ","8,030,000",News & Politics,"6,332,597,345",News & Politics,2010,155
"
asianetnews
    ","8,410,000",News & Politics,"6,291,104,809",News & Politics,2008,156
"
Mor Haryanvi
    ","12,200,000",Music,"6,290,297,552",Music,2015,157
"
Shalimar Telugu & Hindi Movies
    ","8,340,000",Entertainment,"6,246,222,013",Entertainment,2013,158
"
ADHARV & COUSINS JOURNEY
    ","6,330,000",Entertainment,"6,234,588,063",Entertainment,2020,159
"
T-Series Telugu
    ","8,700,000",Music,"6,155,457,745",Music,2014,160
"
Jass Records
    ","13,000,000",Music,"6,148,596,896",Music,2014,161
"
Galatta Tamil | à®à®²à®¾à®à¯à®à®¾ à®¤à®®à®¿à®´à¯
    ","7,670,000",Entertainment,"6,123,239,804",Entertainment,2010,162
"
Ankita Bhawsar
    ","12,100,000",People & Blogs,"6,110,707,996",People & Blogs,2017,163
"
Shivam Malik
    ","8,770,000",Education,"6,065,999,249",Education,2012,164
"
Sidharrth TV
    ","8,180,000",Entertainment,"6,021,912,360",Entertainment,2016,165
"
MR. INDIAN HACKER
    ","33,500,000",Science & Technology,"6,012,094,277",Science & Technology,2012,166
"
Asli Mona Official
    ","11,400,000",Comedy,"5,980,782,514",Comedy,2021,167
"
Priyankka Tyagi
    ","9,760,000",Comedy,"5,908,036,750",Comedy,2021,168
"
Colors Bangla
    ","10,000,000",Entertainment,"5,856,727,201",Entertainment,2010,169
"
Total Gaming
    ","36,700,000",Gaming,"5,825,073,909",Gaming,2018,170
"
Venus Entertainment
    ","24,700,000",Entertainment,"5,803,956,507",Entertainment,2010,171
"
Kanak News
    ","7,150,000",News & Politics,"5,735,126,913",News & Politics,2011,172
"
Oggy Hindi - à¤¹à¤¿à¤¨à¥à¤¦à¥
    ","10,800,000",Entertainment,"5,725,525,143",Entertainment,2019,173
"
Palli Gram TV
    ","8,770,000",,"5,710,025,518",,2017,174
"
Ketan mehta
    ","8,900,000",People & Blogs,"5,667,904,011",People & Blogs,2020,175
"
Peppa Pig Hindi
    ","11,900,000",Film & Animation,"5,633,890,993",Film & Animation,2018,176
"
Suyash Vlogs
    ","5,440,000",Entertainment,"5,631,285,875",Entertainment,2015,177
"
Goldmines Great Indian Comedy
    ","20,500,000",Film & Animation,"5,608,091,853",Film & Animation,2016,178
"
Pradeep life vlogs
    ","11,400,000",Entertainment,"5,552,058,221",Entertainment,2016,179
"
PuthiyathalaimuraiTV
    ","9,930,000",News & Politics,"5,543,551,603",News & Politics,2012,180
"
Dharma Productions
    ","10,600,000",Film & Animation,"5,456,343,401",Film & Animation,2010,181
"
RS 1313 LIVE
    ","7,050,000",Gaming,"5,452,148,933",Gaming,2020,182
"
à¤®à¤¾à¤¶à¤¾ à¤à¤à¤¡ à¤¦ à¤¬à¥à¤¯à¤°
    ","12,300,000",Film & Animation,"5,426,233,281",Film & Animation,2017,183
"
Awez Darbar
    ","11,700,000",Entertainment,"5,425,177,440",Entertainment,2014,184
"
aman dancer real
    ","10,600,000",Entertainment,"5,423,177,382",Entertainment,2020,185
"
Sathiyam News
    ","5,810,000",News & Politics,"5,412,861,274",News & Politics,2015,186
"
INDIA EAT MANIA
    ","6,100,000",Entertainment,"5,399,584,024",Entertainment,2019,187
"
T-Series Regional
    ","14,400,000",Entertainment,"5,377,706,460",Entertainment,2011,188
"
ChuChuTV Hindi
    ","11,800,000",Education,"5,325,217,896",Education,2018,189
"
Chimkandi
    ","11,400,000",Comedy,"5,319,283,069",Comedy,2016,190
"
Gauravaroravlogs 
    ","5,950,000",Entertainment,"5,316,083,900",Entertainment,2015,191
"
LIV Kids Hindi
    ","9,030,000",Education,"5,315,250,631",Education,2016,192
"
infobells
    ","14,000,000",Education,"5,310,760,258",Education,2011,193
"
Adaah Queen
    ","13,200,000",Entertainment,"5,300,953,725",Entertainment,2020,194
"
Kurulus Osman Urdu by atv
    ","7,870,000",Entertainment,"5,287,417,937",Entertainment,2021,195
"
Jugnu Kids - Nursery Rhymes and Best Baby Songs
    ","12,800,000",Education,"5,273,900,578",Education,2015,196
"
Wave Music Bhakti 
    ","12,800,000",Music,"5,257,995,999",Music,2011,197
"
Foodie Incarnate
    ","5,440,000",People & Blogs,"5,255,457,400",People & Blogs,2016,198
"
Ayan Mechanic
    ","4,990,000",Science & Technology,"5,197,123,802",Science & Technology,2020,199
"
zoom
    ","7,430,000",Entertainment,"5,193,441,077",Entertainment,2007,200
"
NDTV
    ","12,800,000",Entertainment,"5,193,339,875",Entertainment,2006,201
"
NEXT9NEWS à¤¹à¤° à¤à¤¬à¤° à¤à¤ª à¤¤à¤
    ","11,500,000",Entertainment,"5,187,640,914",Entertainment,2014,202
"
VYRLOriginals
    ","12,000,000",Music,"5,141,583,511",Music,2015,203
"
RDC Gujarati
    ","11,800,000",Music,"5,092,313,394",Music,2013,204
"
ARE YOU HUNGRY
    ","7,370,000",Entertainment,"5,070,990,589",Entertainment,2020,205
"
MyMissAnand
    ","13,700,000",People & Blogs,"5,064,994,503",People & Blogs,2014,206
"
Rathore Cassettes
    ","12,600,000",Music,"5,046,745,905",Music,2013,207
"
utkal cartoonworld
    ","7,610,000",,"5,036,199,001",,2008,208
"
Hungry Birds
    ","9,460,000",Education,"5,035,791,026",Education,2016,209
"
Bindass Kavya
    ","10,900,000",,"5,012,697,714",,2017,210
"
UP Tak
    ","9,000,000",News & Politics,"4,967,698,051",News & Politics,2018,211
"
Taarak Mehta Ka Ooltah Chashmah Episodes
    ","3,030,000",Comedy,"4,952,752,471",Comedy,2020,212
"
Sonam Prajapati team
    ","8,830,000",People & Blogs,"4,952,212,120",People & Blogs,2019,213
"
RKD Studios
    ","20,600,000",Entertainment,"4,938,476,796",Entertainment,2014,214
"
seeVi la
    ","4,690,000",Comedy,"4,918,570,247",Comedy,2015,215
"
Telugu Filmnagar
    ","12,400,000",Entertainment,"4,912,691,838",Entertainment,2011,216
"
Saregama Hum Bhojpuri
    ","12,500,000",Music,"4,890,531,759",Music,2019,217
"
IndiaGlitz Tamil
    ","6,740,000",Entertainment,"4,884,210,310",Entertainment,2010,218
"
Saas Bahu Aur Betiyaan
    ","6,670,000",People & Blogs,"4,878,824,332",People & Blogs,2015,219
"
CHINNU_6542
    ","5,540,000",Entertainment,"4,866,543,092",Entertainment,2015,220
"
Sandeep Bhatt Vlogs
    ","7,740,000",People & Blogs,"4,841,201,960",People & Blogs,2020,221
"
ChuChuTV Learning with Surprise Eggs
    ","8,230,000",Education,"4,839,135,972",Education,2015,222
"
Crafter Aditi
    ","10,100,000",Howto & Style,"4,831,197,529",Howto & Style,2014,223
"
BB Ki Vines
    ","26,300,000",Entertainment,"4,825,681,963",Entertainment,2015,224
"
Gem Tunes Haryanvi
    ","2,800,000",Entertainment,"4,824,299,790",Entertainment,2017,225
"
Single Track Studio
    ","11,900,000",Entertainment,"4,815,884,779",Entertainment,2010,226
"
The MriDul
    ","16,000,000",Comedy,"4,807,676,871",Comedy,2015,227
"
Lokdhun Punjabi
    ","13,200,000",Music,"4,791,627,869",Music,2010,228
"
Oneindia Hindi | à¤µà¤¨à¤à¤à¤¡à¤¿à¤¯à¤¾ à¤¹à¤¿à¤à¤¦à¥
    ","12,000,000",News & Politics,"4,747,207,546",News & Politics,2015,229
"
News Nation
    ","11,600,000",News & Politics,"4,738,139,564",News & Politics,2012,230
"
Cute.Shivani.05
    ","12,800,000",People & Blogs,"4,634,777,306",People & Blogs,2021,231
"
Times Music
    ","12,400,000",Music,"4,625,780,578",Music,2010,232
"
ChuChuTV Bangla
    ","7,710,000",,"4,568,902,185",,2019,233
"
BLUE BOX
    ","6,080,000",,"4,558,224,603",,2020,234
"
Koo Koo TV - Hindi
    ","12,100,000",Education,"4,551,807,973",Education,2017,235
"
Abhay Bhadoriya
    ","9,880,000",Entertainment,"4,524,154,897",Entertainment,2018,236
"
CKM
    ","12,500,000",Comedy,"4,517,883,267",Comedy,2018,237
"
Indore Physical Academy
    ","15,300,000",People & Blogs,"4,496,356,052",People & Blogs,2014,238
"
StudyIQ IAS
    ","15,600,000",Education,"4,482,415,247",Education,2015,239
"
TV5 News 
    ","4,770,000",News & Politics,"4,477,118,856",News & Politics,2011,240
"
Sanjoy Das Official
    ","14,900,000",Entertainment,"4,475,305,190",Entertainment,2015,241
"
Sumeet Music
    ","7,300,000",Entertainment,"4,465,306,910",Entertainment,2013,242
"
Hindustan Times
    ","6,160,000",News & Politics,"4,464,797,713",News & Politics,2005,243
"
WION
    ","8,180,000",News & Politics,"4,442,597,823",News & Politics,2016,244
"
Chetak
    ","10,500,000",Music,"4,420,465,731",Music,2011,245
"
Pjdivya Official
    ","9,210,000",People & Blogs,"4,384,635,983",People & Blogs,2014,246
"
Nisha Lambha
    ","6,370,000",,"4,368,174,272",,2012,247
"
Mahesh Chavan
    ","8,330,000",Entertainment,"4,347,856,040",Entertainment,2015,248
"
shuaib011
    ","11,600,000",Entertainment,"4,296,330,015",Entertainment,2020,249
"
Google India
    ","8,150,000",People & Blogs,"4,291,784,901",People & Blogs,2007,250
"
RS 1313 SHORT STORIES
    ","6,310,000",Entertainment,"4,288,556,400",Entertainment,2020,251
"
The BN Family
    ","3,680,000",Entertainment,"4,285,822,462",Entertainment,2013,252
"
Multi DO Challenge Hindi
    ","8,730,000",,"4,266,311,784",,2020,253
"
Movie Talkies
    ","6,980,000",Entertainment,"4,232,011,990",Entertainment,2008,254
"
shadab5star
    ","11,300,000",Entertainment,"4,209,266,177",Entertainment,2020,255
"
Akash Sagar
    ","4,030,000",Comedy,"4,189,007,455",Comedy,2017,256
"
FilterCopy
    ","10,000,000",Comedy,"4,163,323,586",Comedy,2015,257
"
Hindi Kahaniya
    ","10,800,000",Film & Animation,"4,148,988,962",Film & Animation,2018,258
"
MaJa Tv Moral Stories Fairy Tales
    ","11,100,000",Entertainment,"4,132,213,251",Entertainment,2017,259
"
FACT BOY
    ","9,170,000",,"4,123,931,059",,2021,260
"
ETV Andhra Pradesh
    ","5,810,000",News & Politics,"4,112,044,846",News & Politics,2011,261
"
News Tak
    ","10,100,000",News & Politics,"4,094,106,089",News & Politics,2017,262
"
Tirth Parsana
    ","3,630,000",Film & Animation,"4,088,372,506",Film & Animation,2017,263
"
The noodles girl
    ","10,000,000",People & Blogs,"4,087,352,304",People & Blogs,2020,264
"
SMOL Hindi
    ","4,870,000",Entertainment,"4,080,483,418",Entertainment,2021,265
"
Trimurti Cassettes
    ","9,220,000",Entertainment,"4,079,322,922",Entertainment,2012,266
"
NH Studioz
    ","13,000,000",Film & Animation,"4,044,458,764",Film & Animation,2011,267
"
Reshmi Jaiswal
    ","6,910,000",People & Blogs,"4,041,635,109",People & Blogs,2021,268
"
SR Toys Collection
    ","12,200,000",Entertainment,"4,033,176,164",Entertainment,2012,269
"
vlogger varun
    ","11,100,000",Entertainment,"3,982,893,528",Entertainment,2018,270
"
Varsha Singh Rajput
    ","6,490,000",Entertainment,"3,959,337,735",Entertainment,2014,271
"
Tamil cinema
    ","7,310,000",Film & Animation,"3,955,071,488",Film & Animation,2015,272
"
Rachit Rojha
    ","12,800,000",Entertainment,"3,952,782,029",Entertainment,2016,273
"
Sufiyan and Nida
    ","5,860,000",Entertainment,"3,939,508,123",Entertainment,2020,274
"
Tech Master Shorts
    ","7,950,000",People & Blogs,"3,934,602,626",People & Blogs,2021,275
"
MK Studio
    ","9,260,000",Music,"3,924,314,533",Music,2016,276
"
Sonotek Bhakti
    ","13,600,000",Entertainment,"3,912,146,487",Entertainment,2010,277
"
Bollygrad Studioz
    ","8,690,000",Music,"3,903,083,219",Music,2014,278
"
Vivek Bhardwaj
    ","11,100,000",,"3,902,374,560",,2021,279
"
Flying Beast
    ","8,650,000",People & Blogs,"3,898,492,903",People & Blogs,2017,280
"
Dream Stories TV Adventure
    ","9,680,000",,"3,885,540,814",,2019,281
"
ETV Plus India
    ","5,160,000",Comedy,"3,876,047,316",Comedy,2013,282
"
Haste Raho
    ","10,300,000",Comedy,"3,867,509,555",Comedy,2018,283
"
BhavaniHD Movies
    ","8,020,000",Entertainment,"3,854,694,087",Entertainment,2016,284
"
M4 Tech
    ","12,300,000",Entertainment,"3,850,447,171",Entertainment,2017,285
"
Zidaan Shahid Aly
    ","8,000,000",People & Blogs,"3,848,520,924",People & Blogs,2021,286
"
Ayngaran
    ","5,490,000",Music,"3,848,155,438",Music,2006,287
"
Pen  Bhakti
    ","7,780,000",Music,"3,845,762,245",Music,2019,288
"
SumanTV
    ","7,420,000",Entertainment,"3,815,805,958",Entertainment,2013,289
"
Sony Marathi
    ","4,000,000",Entertainment,"3,805,756,588",Entertainment,2018,290
"
TellyMasala
    ","6,650,000",Entertainment,"3,799,303,291",Entertainment,2014,291
"
Shemaroo Kids
    ","8,790,000",Entertainment,"3,776,161,981",Entertainment,2009,292
"
hmtv News
    ","4,240,000",News & Politics,"3,767,374,453",News & Politics,2014,293
"
Zee Music Marathi
    ","6,720,000",Music,"3,751,200,743",Music,2014,294
"
So Saute
    ","3,210,000",Howto & Style,"3,750,290,551",Howto & Style,2020,295
"
Anjali Dhariwal
    ","10,200,000",People & Blogs,"3,740,727,959",People & Blogs,2018,296
"
Chapati Hindustani Gamer
    ","8,340,000",Gaming,"3,739,716,930",Gaming,2017,297
"
Samsung India
    ","4,950,000",Science & Technology,"3,731,200,968",Science & Technology,2009,298
"
CURIO
    ","5,890,000",,"3,708,889,466",,2021,299
"
Mad 4 Music
    ","7,780,000",Music,"3,704,637,113",Music,2011,300
"
Emiway Bantai
    ","20,700,000",Music,"3,693,353,462",Music,2013,301
"
Fine Digital Haryanvi
    ","6,820,000",,"3,685,262,023",,2018,302
"
Navbharat Times à¤¨à¤µà¤­à¤¾à¤°à¤¤ à¤à¤¾à¤à¤®à¥à¤¸
    ","9,030,000",News & Politics,"3,642,879,145",News & Politics,2014,303
"
SureshProductions
    ","6,490,000",Entertainment,"3,634,673,529",Entertainment,2009,304
"
Sonam Prajapati
    ","8,200,000",Entertainment,"3,606,031,875",Entertainment,2014,305
"
Mathrubhumi News
    ","4,120,000",News & Politics,"3,590,272,474",News & Politics,2013,306
"
Crime Tak
    ","8,360,000",News & Politics,"3,589,171,791",News & Politics,2018,307
"
Triggered Insaan
    ","20,700,000",Comedy,"3,583,725,818",Comedy,2014,308
"
shagun style
    ","7,510,000",People & Blogs,"3,580,670,687",People & Blogs,2018,309
"
Muzik247
    ","5,820,000",Music,"3,579,436,638",Music,2014,310
"
90's Gaane
    ","8,010,000",Music,"3,574,346,183",Music,2019,311
"
Payal Panchal
    ","9,790,000",Comedy,"3,574,226,640",Comedy,2019,312
"
Mr Gyani Facts
    ","5,920,000",,"3,572,629,211",,2020,313
"
We r Loser
    ","5,010,000",Comedy,"3,571,876,153",Comedy,2020,314
"
BakLol Video
    ","11,600,000",Entertainment,"3,568,592,160",Entertainment,2016,315
"
Geetha Arts 
    ","6,090,000",Entertainment,"3,561,787,524",Entertainment,2008,316
"
Mridul Madhok
    ","8,400,000",Education,"3,539,829,024",Education,2010,317
"
Nav Haryanvi
    ","9,630,000",Music,"3,525,985,646",Music,2017,318
"
Anaysa
    ","13,500,000",Howto & Style,"3,525,867,138",Howto & Style,2012,319
"
Technical Guruji
    ","23,300,000",Science & Technology,"3,508,044,014",Science & Technology,2015,320
"
CarryMinati
    ","40,600,000",Comedy,"3,485,611,082",Comedy,2014,321
"
The Live Tv
    ","7,220,000",News & Politics,"3,479,051,603",News & Politics,2018,322
"
REHKAN OFFICIAL
    ","6,040,000",People & Blogs,"3,472,924,740",People & Blogs,2018,323
"
Kia India
    ","428,000",,"3,440,232,802",,2017,324
"
Saregama Tamil
    ","6,580,000",Music,"3,399,926,748",Music,2012,325
"
Pen Multiplex
    ","11,800,000",Film & Animation,"3,399,715,942",Film & Animation,2015,326
"
Ambey Bhakti
    ","10,800,000",Music,"3,398,984,378",Music,2013,327
"
foodies aao
    ","4,990,000",People & Blogs,"3,397,058,937",People & Blogs,2020,328
"
Angle Music Official Channel
    ","8,880,000",Entertainment,"3,387,975,977",Entertainment,2014,329
"
Wunderbar Films
    ","5,850,000",Film & Animation,"3,362,271,731",Film & Animation,2014,330
"
Shemaroo TV
    ","7,310,000",People & Blogs,"3,360,200,925",People & Blogs,2020,331
"
Amazon India
    ","1,540,000",Entertainment,"3,359,675,045",Entertainment,2013,332
"
Ur SmartMaker Shorts
    ","7,930,000",People & Blogs,"3,340,736,609",People & Blogs,2018,333
"
Wow Kidz Comedy
    ","9,440,000",Film & Animation,"3,332,268,524",Film & Animation,2017,334
"
MS KOMAL
    ","9,110,000",People & Blogs,"3,324,537,330",People & Blogs,2022,335
"
IR GAMES
    ","7,420,000",Gaming,"3,313,324,481",Gaming,2017,336
"
Ayush Yadav
    ","5,760,000",Entertainment,"3,308,382,165",Entertainment,2014,337
"
tiyaa_ningwal_official
    ","10,300,000",Entertainment,"3,308,358,860",Entertainment,2016,338
"
Awadhesh Premi Official
    ","8,510,000",,"3,307,188,638",,2018,339
"
TIMES NOW Navbharat
    ","7,180,000",News & Politics,"3,305,803,543",News & Politics,2021,340
"
Frostbite Gaming
    ","5,200,000",,"3,296,263,107",,2014,341
"
National Dastak
    ","8,560,000",News & Politics,"3,285,075,479",News & Politics,2015,342
"
rjkarishma
    ","6,070,000",People & Blogs,"3,284,282,799",People & Blogs,2013,343
"
RDC Rajasthani
    ","7,990,000",Music,"3,271,685,100",Music,2013,344
"
Funcho Shorts
    ","5,570,000",People & Blogs,"3,270,170,975",People & Blogs,2021,345
"
Colors Kannada
    ","3,880,000",Entertainment,"3,265,732,474",Entertainment,2010,346
"
Sadiq Ahmed Vines
    ","9,340,000",Entertainment,"3,249,043,125",Entertainment,2022,347
"
Eskay Movies
    ","6,090,000",Film & Animation,"3,245,270,900",Film & Animation,2016,348
"
Round2hell
    ","31,500,000",Comedy,"3,230,903,148",Comedy,2016,349
"
Scary Teacher 3D Gaming
    ","5,490,000",Gaming,"3,220,418,189",Gaming,2018,350
"
RK Rajani Kaushal
    ","3,950,000",Entertainment,"3,209,118,846",Entertainment,2018,351
"
Mythpat
    ","14,100,000",Entertainment,"3,199,067,239",Entertainment,2018,352
"
Sports Tak
    ","6,950,000",Sports,"3,196,500,571",Sports,2017,353
"
NewsFirst Kannada
    ","3,060,000",News & Politics,"3,193,884,309",News & Politics,2018,354
"
Humble Music
    ","8,650,000",Music,"3,190,542,391",Music,2017,355
"
Salonayyy
    ","5,740,000",Comedy,"3,169,611,405",Comedy,2019,356
"
Maneesh Vishnu
    ","4,090,000",People & Blogs,"3,153,923,383",People & Blogs,2020,357
"
King of Cubers
    ","11,800,000",Howto & Style,"3,152,422,262",Howto & Style,2019,358
"
Himesh Reshammiya Melodies
    ","8,340,000",Music,"3,125,591,919",Music,2020,359
"
COMMANDO ACADEMY PHYSICAL
    ","4,530,000",Sports,"3,123,253,252",Sports,2021,360
"
Khesari Music World
    ","8,930,000",Music,"3,112,523,110",Music,2017,361
"
Sonotek Punjabi
    ","8,450,000",People & Blogs,"3,109,241,926",People & Blogs,2017,362
"
10TV News Telugu
    ","3,780,000",News & Politics,"3,108,435,260",News & Politics,2013,363
"
HD Songs Bollywood
    ","9,790,000",Music,"3,099,633,245",Music,2015,364
"
Tech FC Shorts
    ","6,230,000",Science & Technology,"3,097,835,179",Science & Technology,2018,365
"
Gaane Naye Purane
    ","7,870,000",Music,"3,095,511,839",Music,2013,366
"
DEV Ke Facts
    ","15,300,000",,"3,090,443,871",,2012,367
"
Wait For It
    ","5,770,000",Entertainment,"3,090,199,803",Entertainment,2022,368
"
Being Suku
    ","4,730,000",Entertainment,"3,079,599,171",Entertainment,2020,369
"
sonu.indoriii
    ","8,050,000",Comedy,"3,072,990,164",Comedy,2013,370
"
wifistudy by Unacademy
    ","15,900,000",Education,"3,060,791,443",Education,2014,371
"
Aniruddhacharya ji
    ","12,500,000",,"3,060,766,055",,2017,372
"
Zee Music South
    ","5,740,000",Music,"3,053,638,733",Music,2015,373
"
BabyBus - à¤¬à¤à¥à¤à¥à¤ à¤à¥ à¤à¥à¤¤&à¤à¤¾à¤°à¥à¤à¥à¤¨ à¤à¤¨à¥à¤®à¥à¤¶à¤¨
    ","6,900,000",Education,"3,041,310,501",Education,2020,374
"
Eros Now Movies Preview
    ","6,750,000",Entertainment,"3,029,212,396",Entertainment,2012,375
"
NishaMadhulika
    ","13,900,000",Howto & Style,"3,026,550,871",Howto & Style,2009,376
"
Super Se Uper Vlogs
    ","2,510,000",People & Blogs,"3,016,703,700",People & Blogs,2022,377
"
Pramod`s Life
    ","6,650,000",Autos & Vehicles,"3,012,866,298",Autos & Vehicles,2015,378
"
News18 Punjab/Haryana/Himachal
    ","5,370,000",People & Blogs,"3,002,179,702",People & Blogs,2015,379
"
Kabita's Kitchen
    ","13,500,000",Howto & Style,"2,992,430,397",Howto & Style,2014,380
"
Kuldeep Singhania Shorts
    ","7,360,000",People & Blogs,"2,966,806,522",People & Blogs,2021,381
"
Kiran Family Official
    ","3,180,000",Entertainment,"2,963,689,192",Entertainment,2022,382
"
Sanjivani Music
    ","6,720,000",Music,"2,962,503,456",Music,2011,383
"
Green Gold Kids
    ","7,170,000",Film & Animation,"2,960,504,831",Film & Animation,2015,384
"
Lakhneet Vlogs
    ","5,830,000",People & Blogs,"2,955,542,986",People & Blogs,2020,385
"
Sanjot Nagi
    ","6,480,000",People & Blogs,"2,949,067,402",People & Blogs,2013,386
"
ZHC
    ","26,000,000",Film & Animation,"2,944,043,597",Film & Animation,2013,387
"
Ankush Raja Official
    ","7,620,000",Music,"2,943,880,959",Music,2018,388
"
Disney India
    ","5,630,000",Shows,"2,941,607,369",Shows,2010,389
"
Shemaroo Bhakti
    ","11,500,000",Entertainment,"2,928,596,032",Entertainment,2009,390
"
AS Gaming
    ","20,000,000",Gaming,"2,926,973,974",Gaming,2016,391
"
India Today
    ","7,960,000",News & Politics,"2,915,591,206",News & Politics,2015,392
"
Filmy Duniya
    ","10,300,000",Entertainment,"2,909,209,711",Entertainment,2019,393
"
Live Hindustan
    ","6,680,000",News & Politics,"2,898,928,206",News & Politics,2015,394
"
Colors
    ","3,660,000",Entertainment,"2,894,876,830",Entertainment,2015,395
"
Mohak Meet
    ","7,750,000",Comedy,"2,887,233,367",Comedy,2012,396
"
Chattambees
    ","3,830,000",Comedy,"2,883,891,860",Comedy,2020,397
"
WooHoo India
    ","5,800,000",,"2,881,563,612",,2019,398
"
Neha Sahani
    ","10,700,000",Entertainment,"2,878,873,861",Entertainment,2018,399
"
With Love Nagaraj Sangeetha
    ","4,740,000",People & Blogs,"2,871,649,052",People & Blogs,2013,400
"
Kunal monu
    ","7,510,000",Entertainment,"2,868,724,017",Entertainment,2018,401
"
Kaumudy
    ","4,890,000",Entertainment,"2,861,827,592",Entertainment,2011,402
"
Raghav Digital
    ","7,130,000",Music,"2,860,795,934",Music,2017,403
"
Al Jasar Siddiqui
    ","7,430,000",Entertainment,"2,858,077,793",Entertainment,2017,404
"
realme India
    ","3,720,000",Science & Technology,"2,848,492,685",Science & Technology,2018,405
"
Dil Raju
    ","5,020,000",Film & Animation,"2,846,890,375",Film & Animation,2007,406
"
Anil Kumar Masani
    ","4,470,000",People & Blogs,"2,833,366,044",People & Blogs,2013,407
"
Megha Chaube Shorts
    ","5,330,000",People & Blogs,"2,831,388,912",People & Blogs,2020,408
"
ABP Ganga
    ","4,890,000",News & Politics,"2,828,054,050",News & Politics,2019,409
"
Switch
    ","7,690,000",News & Politics,"2,822,107,377",News & Politics,2015,410
"
Surinder  Films
    ","5,140,000",Music,"2,821,953,875",Music,2014,411
"
Voice of Heart Music
    ","6,990,000",Music,"2,821,727,079",Music,2015,412
"
Earth fact in à¤¹à¤¿à¤¨à¥à¤¦à¥
    ","3,900,000",Education,"2,817,321,830",Education,2021,413
"
Little Talks
    ","3,270,000",Entertainment,"2,814,805,143",Entertainment,2018,414
"
RSMSA
    ","4,050,000",Education,"2,775,078,960",Education,2019,415
"
Sp Aditya
    ","9,350,000",,"2,768,587,308",,2022,416
"
Bob The Train - Nursery Rhymes & Cartoons for Kids
    ","5,720,000",People & Blogs,"2,758,690,607",People & Blogs,2015,417
"
Bollywood Chronicle
    ","3,150,000",Entertainment,"2,757,800,502",Entertainment,2017,418
"
Aamchi Mumbai
    ","4,040,000",People & Blogs,"2,747,907,730",People & Blogs,2015,419
"
Utkarsh Classes
    ","12,200,000",Education,"2,740,462,432",Education,2012,420
"
Oye Indori - Ab Hasega India
    ","7,790,000",Entertainment,"2,736,849,717",Entertainment,2017,421
"
bhura_turkish_755
    ","5,810,000",Music,"2,731,740,721",Music,2019,422
"
Bollywood Spy
    ","6,020,000",Entertainment,"2,725,271,325",Entertainment,2016,423
"
Goldmines Cineplex
    ","23,400,000",Film & Animation,"2,720,407,426",Film & Animation,2015,424
"
Canal IN
    ","16,100,000",People & Blogs,"2,718,555,462",People & Blogs,2017,425
"
Oru Al Mallu Family
    ","2,930,000",People & Blogs,"2,717,540,800",People & Blogs,2021,426
"
Bharat Tak
    ","6,310,000",People & Blogs,"2,716,112,608",People & Blogs,2017,427
"
Zoya Sheikh
    ","9,520,000",People & Blogs,"2,714,324,643",People & Blogs,2018,428
"
Hindi stories
    ","8,880,000",Education,"2,711,017,118",Education,2011,429
"
Telly Reporter
    ","4,400,000",Entertainment,"2,698,399,132",Entertainment,2016,430
"
Supertone Digital
    ","9,870,000",Music,"2,693,985,781",Music,2013,431
"
Mukul Sona MS
    ","4,780,000",Entertainment,"2,683,518,000",Entertainment,2017,432
"
White Hill Dhaakad
    ","6,040,000",Music,"2,682,987,917",Music,2019,433
"
Anand Mandal Shorts
    ","6,810,000",,"2,680,810,484",,2021,434
"
Jahaann
    ","4,480,000",Entertainment,"2,677,534,541",Entertainment,2017,435
"
Professor Of How
    ","9,670,000",Film & Animation,"2,669,155,428",Film & Animation,2017,436
"
Murliwale Hausla
    ","8,790,000",,"2,661,513,201",,2019,437
"
Home Bollywud
    ","6,160,000",Entertainment,"2,654,274,854",Entertainment,2018,438
"
Tonde Gamer
    ","11,200,000",Gaming,"2,653,099,872",Gaming,2019,439
"
SHAIKH KHUSHI
    ","4,450,000",,"2,648,762,304",,2016,440
"
Wamindia Movies
    ","11,500,000",Film & Animation,"2,647,746,900",Film & Animation,2012,441
"
Saregama Bengali
    ","6,530,000",Music,"2,646,048,610",Music,2011,442
"
Shahid paneer
    ","6,390,000",Comedy,"2,644,410,549",Comedy,2022,443
"
Kids Planet
    ","4,620,000",Education,"2,643,250,259",Education,2014,444
"
The Formal Edit
    ","5,290,000",Howto & Style,"2,638,797,832",Howto & Style,2017,445
"
Pavan Ramyaâ¤ï¸
    ","3,000,000",People & Blogs,"2,636,376,068",People & Blogs,2020,446
"
Jagriti Pahwa
    ","4,540,000",Comedy,"2,636,090,364",Comedy,2012,447
"
Vivekanand Tiwari The Traffic cop
    ","5,950,000",Education,"2,622,035,472",Education,2021,448
"
Headlines India
    ","8,090,000",News & Politics,"2,618,988,557",News & Politics,2016,449
"
Miss Matured
    ","3,240,000",,"2,608,679,623",,2021,450
"
Rimorav Vlogs
    ","6,740,000",Entertainment,"2,607,524,999",Entertainment,2017,451
"
Golden unique boy
    ","7,230,000",Entertainment,"2,602,036,691",Entertainment,2016,452
"
Sakshi TV
    ","3,310,000",News & Politics,"2,591,985,846",News & Politics,2014,453
"
Viralbollywood
    ","5,650,000",Entertainment,"2,591,490,626",Entertainment,2014,454
"
Aaj Tak HD
    ","6,580,000",News & Politics,"2,589,759,147",News & Politics,2018,455
"
Aditya Music Telugu
    ","5,480,000",Music,"2,588,228,754",Music,2014,456
"
RCM Bhojpuri Hit
    ","9,190,000",Film & Animation,"2,567,969,856",Film & Animation,2016,457
"
Bhakti Dhara
    ","10,000,000",Music,"2,565,442,585",Music,2011,458
"
Sanam
    ","11,000,000",Music,"2,549,036,492",Music,2012,459
"
Star Studios
    ","6,110,000",Entertainment,"2,544,028,166",Entertainment,2014,460
"
FirstCry TV
    ","108,000",,"2,543,789,818",,2019,461
"
Studio Saraswati Official
    ","7,440,000",Music,"2,538,742,055",Music,2014,462
"
Shruti Arjun Anand
    ","10,200,000",Howto & Style,"2,534,379,059",Howto & Style,2010,463
"
Anandi Official
    ","1,870,000",Entertainment,"2,525,040,409",Entertainment,2022,464
"
ABC - All Babies Channel
    ","5,850,000",Education,"2,524,900,631",Education,2014,465
"
TeAm STARS
    ","5,400,000",Entertainment,"2,518,344,416",Entertainment,2020,466
"
Pulkit shukla TD
    ","7,590,000",People & Blogs,"2,507,330,913",People & Blogs,2015,467
"
MrMiko 2.0
    ","6,420,000",People & Blogs,"2,506,637,859",People & Blogs,2022,468
"
Star Sports
    ","6,540,000",Sports,"2,488,109,530",Sports,2006,469
"
 Star Suvarna
    ","2,250,000",Entertainment,"2,488,080,966",Entertainment,2006,470
"
Meeth _Miri
    ","3,020,000",Comedy,"2,487,491,316",Comedy,2009,471
"
Rajshri Marathi
    ","4,630,000",Music,"2,483,072,037",Music,2009,472
"
Shemaroo Gujarati
    ","5,120,000",Entertainment,"2,481,953,946",Entertainment,2009,473
"
Cadbury 5 Star India
    ","408,000",Entertainment,"2,474,977,834",Entertainment,2011,474
"
Mango Music
    ","7,420,000",Music,"2,470,892,835",Music,2006,475
"
iDream Media
    ","4,870,000",Entertainment,"2,470,808,346",Entertainment,2013,476
"
RKworld
    ","3,820,000",Comedy,"2,470,591,604",Comedy,2020,477
"
Bollywood Premium
    ","9,020,000",Entertainment,"2,469,713,155",Entertainment,2020,478
"
Rojukoka Kadha
    ","3,930,000",,"2,468,574,388",,2014,479
"
Toy Stars
    ","6,950,000",People & Blogs,"2,466,744,873",People & Blogs,2017,480
"
Magnet Brains
    ","10,600,000",,"2,459,313,834",,2016,481
"
JioCinema
    ","4,850,000",Sports,"2,449,873,877",Sports,2016,482
"
VK News
    ","5,890,000",News & Politics,"2,447,592,279",News & Politics,2016,483
"
Animal Aid Unlimited, India
    ","7,430,000",,"2,444,795,557",,2008,484
"
Cartoon Network India
    ","3,550,000",Film & Animation,"2,442,362,183",Film & Animation,2009,485
"
Sid Akki
    ","3,630,000",Entertainment,"2,434,112,239",Entertainment,2016,486
"
Trakin Tech
    ","13,800,000",Science & Technology,"2,433,613,913",Science & Technology,2011,487
"
bharatzkitchen HINDI
    ","12,700,000",Howto & Style,"2,431,824,939",Howto & Style,2016,488
"
Ankit Porwal
    ","3,170,000",Education,"2,430,578,112",Education,2011,489
"
Sony YAY!
    ","5,190,000",Entertainment,"2,423,735,672",Entertainment,2016,490
"
NDJ MUSIC
    ","6,660,000",Entertainment,"2,422,095,922",Entertainment,2014,491
"
Dainik Jagran - à¤¦à¥à¤¨à¤¿à¤ à¤à¤¾à¤à¤°à¤£
    ","6,180,000",News & Politics,"2,420,273,608",News & Politics,2014,492
"
Angel Bengali Songs
    ","3,840,000",Music,"2,411,836,289",Music,2006,493
"
Struggle Jeet
    ","1,980,000",Sports,"2,408,227,212",Sports,2020,494
"
Wanderers Hub
    ","8,020,000",People & Blogs,"2,405,928,186",People & Blogs,2016,495
"
Mirza fact
    ","8,420,000",,"2,405,599,475",,2021,496
"
API Malayalam Movies
    ","4,040,000",People & Blogs,"2,404,002,372",People & Blogs,2011,497
"
Yashi Films
    ","7,160,000",Music,"2,395,583,966",Music,2018,498
"
Rajat shorts !!
    ","6,910,000",Entertainment,"2,394,696,390",Entertainment,2017,499
"
DLS News
    ","19,700,000",News & Politics,"2,392,377,050",News & Politics,2017,500
"
Sandeep Maheshwari
    ","28,100,000",People & Blogs,"2,389,423,263",People & Blogs,2012,501
"
Ashish Bisht
    ","3,200,000",Entertainment,"2,380,294,975",Entertainment,2009,502
"
Gadgets Cool Home
    ","5,220,000",,"2,378,292,703",,2021,503
"
Cook With Parul
    ","8,620,000",Howto & Style,"2,375,324,383",Howto & Style,2017,504
"
Multi DO Hindi
    ","5,480,000",,"2,371,641,090",,2020,505
"
TOY FACTORY
    ","5,720,000",Education,"2,359,384,341",Education,2014,506
"
Filipino Fairy Tales
    ","5,180,000",Film & Animation,"2,351,004,793",Film & Animation,2016,507
"
Gyan Gamingã¤
    ","14,800,000",Gaming,"2,343,519,032",Gaming,2017,508
"
Desi Records
    ","6,520,000",Music,"2,338,748,089",Music,2016,509
"
Tiya & Advik Chathamkulam NimishaRajeesh Vlogs
    ","2,860,000",People & Blogs,"2,338,409,943",People & Blogs,2018,510
"
vivek_veena
    ","2,380,000",Entertainment,"2,338,270,105",Entertainment,2017,511
"
Live Insaan
    ","11,000,000",Gaming,"2,335,413,308",Gaming,2017,512
"
Pramod Premi Entertainment
    ","5,200,000",,"2,331,565,260",,2018,513
"
Loku
    ","2,770,000",Music,"2,305,740,614",Music,2016,514
"
FactTechz
    ","17,600,000",Entertainment,"2,304,643,469",Entertainment,2016,515
"
Studio Sangeeta
    ","6,200,000",Comedy,"2,304,038,917",Comedy,2013,516
"
Khandesh Fun
    ","7,580,000",Comedy,"2,296,255,669",Comedy,2016,517
"
Harika Panda
    ","1,650,000",Entertainment,"2,293,431,212",Entertainment,2016,518
"
Viral Bhayani
    ","5,650,000",Entertainment,"2,292,443,583",Entertainment,2007,519
"
Shani Vishwakarma
    ","5,880,000",People & Blogs,"2,289,425,213",People & Blogs,2022,520
"
Instant Bollywood
    ","2,840,000",Entertainment,"2,288,677,675",Entertainment,2020,521
"
Roshanjamhir5star
    ","5,180,000",Entertainment,"2,282,467,308",Entertainment,2021,522
"
JK YADAV FILMS ð· MAITHILI
    ","3,830,000",,"2,281,116,585",,2017,523
"
Ark
    ","6,230,000",,"2,279,490,407",,2022,524
"
Samar Singh Official
    ","5,780,000",,"2,268,574,825",,2018,525
"
Agnit Shorts
    ","4,430,000",Entertainment,"2,268,498,310",Entertainment,2022,526
"
Big Animation
    ","5,350,000",Film & Animation,"2,266,737,349",Film & Animation,2009,527
"
Behindwoods Air 
    ","5,170,000",News & Politics,"2,266,257,277",News & Politics,2018,528
"
Allari Aarathi
    ","3,840,000",Entertainment,"2,261,905,196",Entertainment,2020,529
"
World Affairs by Unacademy
    ","3,610,000",,"2,251,664,365",,2020,530
"
TWO SIDE GAMERS
    ","12,300,000",Music,"2,250,220,067",Music,2018,531
"
BIG Magic
    ","4,290,000",Entertainment,"2,245,024,270",Entertainment,2013,532
"
English Connection
    ","13,000,000",Education,"2,244,464,918",Education,2015,533
"
Amazing Facts
    ","2,550,000",,"2,242,814,909",,2021,534
"
Desi Gamers
    ","14,100,000",Gaming,"2,234,381,736",Gaming,2015,535
"
Republic World
    ","5,820,000",People & Blogs,"2,231,603,216",People & Blogs,2017,536
"
Physics Wallah - Alakh Pandey
    ","11,300,000",Education,"2,231,417,738",Education,2014,537
"
DBeatsMusicWorld
    ","3,950,000",Entertainment,"2,231,183,267",Entertainment,2013,538
"
Neha Kakkar
    ","14,300,000",Music,"2,229,838,693",Music,2012,539
"
NITIN FREE FIRE
    ","13,000,000",Gaming,"2,226,794,126",Gaming,2019,540
"
SPEED RECORDS BHOJPURI
    ","6,390,000",Music,"2,223,392,195",Music,2018,541
"
Lidiya Francis
    ","2,830,000",People & Blogs,"2,218,147,893",People & Blogs,2020,542
"
Aryan Black
    ","6,400,000",People & Blogs,"2,216,561,373",People & Blogs,2022,543
"
Raksha ki Rasoi
    ","7,830,000",People & Blogs,"2,213,555,367",People & Blogs,2018,544
"
Badshah
    ","7,230,000",Music,"2,208,835,022",Music,2014,545
"
Make Joke Of
    ","12,400,000",Comedy,"2,208,497,093",Comedy,2017,546
"
Jhankar Music
    ","4,510,000",Entertainment,"2,204,749,398",Entertainment,2010,547
"
Cinekorn Movies
    ","8,520,000",Film & Animation,"2,204,439,280",Film & Animation,2011,548
"
Live Cities Media Private Limited
    ","5,580,000",News & Politics,"2,203,216,481",News & Politics,2016,549
"
Aam Aadmi Party
    ","5,000,000",News & Politics,"2,195,461,408",News & Politics,2011,550
"
Fully Faltoo
    ","3,650,000",Entertainment,"2,194,126,208",Entertainment,2007,551
"
RKR vines
    ","8,640,000",Entertainment,"2,190,699,140",Entertainment,2017,552
"
Harsha Sai - For You Hindi
    ","12,100,000",Entertainment,"2,189,538,200",Entertainment,2021,553
"
Sambhavna Seth Entertainment
    ","3,540,000",Entertainment,"2,181,995,452",Entertainment,2014,554
"
Khan GS Research Centre
    ","21,900,000",Education,"2,178,848,968",Education,2019,555
"
Dream Stories TV
    ","6,920,000",Film & Animation,"2,173,717,825",Film & Animation,2017,556
"
Akhil Nrd
    ","3,240,000",People & Blogs,"2,160,520,875",People & Blogs,2015,557
"
Ultra Cinema
    ","7,200,000",Entertainment,"2,158,096,787",Entertainment,2013,558
"
Farmees PortuguÃªs - canÃ§Ã£o infantil e animaÃ§Ã£o
    ","5,800,000",People & Blogs,"2,155,409,079",People & Blogs,2016,559
"
Saawariya
    ","5,010,000",Music,"2,155,327,858",Music,2014,560
"
Achyutha saddikuti
    ","3,060,000",People & Blogs,"2,154,955,475",People & Blogs,2022,561
"
Hansraj Raghuwanshi
    ","11,300,000",Music,"2,151,909,171",Music,2016,562
"
Vishwamitra Kingrani
    ","8,370,000",Entertainment,"2,151,769,552",Entertainment,2020,563
"
NewsGlitz Tamil
    ","4,780,000",News & Politics,"2,150,272,061",News & Politics,2014,564
"
The World Adventures à¤¹à¤¿à¤¨à¥à¤¦à¥
    ","13,300,000",People & Blogs,"2,143,339,319",People & Blogs,2016,565
"
Hindi Countdown
    ","10,200,000",Education,"2,142,571,887",Education,2016,566
"
DB Live
    ","4,140,000",News & Politics,"2,141,223,968",News & Politics,2016,567
"
Cinema Vikatan
    ","4,320,000",Entertainment,"2,138,596,158",Entertainment,2010,568
"
FOODY VISHAL
    ","3,400,000",People & Blogs,"2,131,115,011",People & Blogs,2016,569
"
Goldmines Premiere
    ","14,100,000",Entertainment,"2,127,216,044",Entertainment,2013,570
"
Sagar's Kitchen
    ","7,210,000",Howto & Style,"2,126,299,498",Howto & Style,2021,571
"
Amar Ujala
    ","5,730,000",News & Politics,"2,122,487,814",News & Politics,2011,572
"
Movies Insight Hindi
    ","5,520,000",Entertainment,"2,120,459,487",Entertainment,2020,573
"
RDC Rajasthani HD
    ","5,650,000",Music,"2,111,734,422",Music,2014,574
"
Mythri Movie Makers
    ","4,180,000",Entertainment,"2,109,605,341",Entertainment,2015,575
"
Sun NXT
    ","4,630,000",Entertainment,"2,106,791,742",Entertainment,2017,576
"
Natkhat TV Hindi Tales & Rhymes
    ","5,570,000",Film & Animation,"2,092,345,056",Film & Animation,2016,577
"
Mintuaa
    ","2,190,000",,"2,092,314,512",,2014,578
"
Shemaroo Bhakti Darshan
    ","5,310,000",Entertainment,"2,085,003,933",Entertainment,2011,579
"
Rang TV
    ","2,130,000",Entertainment,"2,084,455,064",Entertainment,2016,580
"
Kalinga TV
    ","3,020,000",News & Politics,"2,081,993,081",News & Politics,2015,581
"
Slayy Point
    ","8,150,000",Entertainment,"2,080,627,934",Entertainment,2016,582
"
OnePlus India
    ","4,620,000",Science & Technology,"2,078,517,644",Science & Technology,2016,583
"
Saam TV News
    ","3,300,000",News & Politics,"2,076,982,346",News & Politics,2009,584
"
Filmistaan
    ","7,900,000",Film & Animation,"2,075,680,980",Film & Animation,2016,585
"
Mohak Narang
    ","4,540,000",Education,"2,069,142,375",Education,2016,586
"
News18 UP Uttarakhand
    ","5,480,000",News & Politics,"2,066,289,570",News & Politics,2010,587
"
Vision Time Tamil
    ","3,200,000",Shows,"2,058,492,553",Shows,2013,588
"
SoSorry
    ","5,260,000",Comedy,"2,055,139,762",Comedy,2013,589
"
Wake'N'Bite
    ","4,440,000",,"2,054,996,185",,2017,590
"
Mana Stars
    ","2,660,000",Entertainment,"2,053,847,235",Entertainment,2018,591
"
Behindwoods O2
    ","2,780,000",Film & Animation,"2,052,371,814",Film & Animation,2021,592
"
Micky Makeover
    ","2,930,000",Comedy,"2,049,987,227",Comedy,2016,593
"
 Knowledge Tv à¤¹à¤¿à¤¨à¥à¤¦à¥
    ","13,300,000",People & Blogs,"2,049,431,544",People & Blogs,2014,594
"
L I S A creation
    ","4,110,000",,"2,042,578,163",,2019,595
"
Dhruv Rathee
    ","13,600,000",Entertainment,"2,040,222,454",Entertainment,2013,596
"
TechBurner Shorts
    ","5,300,000",Science & Technology,"2,035,987,504",Science & Technology,2021,597
"
mr_shadab _72
    ","4,280,000",Education,"2,034,413,326",Education,2019,598
"
B4U Bhojpuri
    ","4,800,000",Film & Animation,"2,029,820,495",Film & Animation,2017,599
"
Harshit Dongre
    ","7,990,000",Gaming,"2,024,480,783",Gaming,2018,600
"
Colgate India
    ","1,180,000",People & Blogs,"2,020,508,395",People & Blogs,2012,601
"
TARANG MUSIC
    ","5,390,000",Music,"2,017,770,315",Music,2012,602
"
Behindwoods Max
    ","1,560,000",Film & Animation,"2,017,017,869",Film & Animation,2019,603
"
BeastBoyShub
    ","6,120,000",Gaming,"2,008,620,629",Gaming,2015,604
"
Prashant Sharma Entertainment
    ","9,790,000",People & Blogs,"2,005,122,970",People & Blogs,2016,605
"
FilmiBeat
    ","4,970,000",Entertainment,"2,004,821,880",Entertainment,2015,606
"
Shemaroo Movie in Parts
    ","5,540,000",Entertainment,"2,004,150,122",Entertainment,2014,607
"
Lena Slime
    ","6,410,000",People & Blogs,"1,999,960,032",People & Blogs,2018,608
"
Colors Tamil
    ","3,450,000",Entertainment,"1,994,011,256",Entertainment,2018,609
"
KSHITIJ DHOLAKIA
    ","4,660,000",People & Blogs,"1,991,471,655",People & Blogs,2016,610
"
Ekta Sound
    ","4,730,000",Music,"1,988,335,842",Music,2014,611
"
Star Music India
    ","3,070,000",Music,"1,985,369,727",Music,2013,612
"
Kiddiestv Bangla
    ","4,980,000",Education,"1,983,723,716",Education,2017,613
"
Adventures of Kicko & Super Speedo
    ","4,760,000",,"1,977,569,320",,2019,614
"
Fact Danish
    ","6,560,000",,"1,974,629,706",,2021,615
"
à¤à¤à¤¾à¤°à¥à¤¯ à¤ªà¥à¤°à¤¶à¤¾à¤¨à¥à¤¤ - Acharya Prashant
    ","20,800,000",,"1,971,143,984",,2014,616
"
G M Dance Centre
    ","5,790,000",Entertainment,"1,969,517,914",Entertainment,2015,617
"
Iconic fun
    ","2,790,000",,"1,966,833,181",,2020,618
"
Riddhi Music World.
    ","5,090,000",Music,"1,965,891,679",Music,2018,619
"
Crown Records
    ","5,540,000",Music,"1,962,907,131",Music,2015,620
"
Gulzaar Chhaniwala
    ","8,230,000",Music,"1,960,204,687",Music,2018,621
"
Asian Paints
    ","1,140,000",Howto & Style,"1,958,459,421",Howto & Style,2011,622
"
Pihoozz
    ","3,990,000",,"1,956,302,395",,2019,623
"
LOKMAT
    ","2,780,000",News & Politics,"1,954,166,360",News & Politics,2011,624
"
à¤­à¤à¤¨ à¤à¥à¤°à¥à¤¤à¤¨ à¤¸à¥à¤¨à¥à¤à¥à¤
    ","6,320,000",People & Blogs,"1,952,787,620",People & Blogs,2016,625
"
SPN9NEWS à¤¸à¤¾à¤®à¤¾à¤à¤¿à¤ à¤à¤à¤¨à¤¾
    ","4,930,000",News & Politics,"1,952,725,970",News & Politics,2017,626
"
Amazon miniTV
    ","1,340,000",Entertainment,"1,951,340,943",Entertainment,2021,627
"
Arun Karthick
    ","3,600,000",Entertainment,"1,950,043,394",Entertainment,2020,628
"
Zeeshan Pasha
    ","6,900,000",People & Blogs,"1,945,998,390",People & Blogs,2021,629
"
à®à¯à®²à¯à®²à®®à¯ à®à¯à®²à¯à®²à®®à¯ Chellame Chellam!!
    ","3,380,000",Education,"1,937,988,928",Education,2012,630
"
Bhakti Sagar AR Entertainments
    ","5,130,000",People & Blogs,"1,934,451,709",People & Blogs,2015,631
"
Filmy Hunt
    ","1,870,000",Music,"1,933,463,860",Music,2022,632
"
Manoj Saru
    ","7,710,000",People & Blogs,"1,930,792,686",People & Blogs,2018,633
"
bhukkad dilli ke
    ","1,830,000",People & Blogs,"1,925,885,985",People & Blogs,2014,634
"
Funyaasi
    ","3,680,000",Entertainment,"1,925,565,766",Entertainment,2021,635
"
Wildlife Adventure In à¤¹à¤¿à¤¨à¥à¤¦à¥
    ","5,940,000",,"1,924,785,672",,2020,636
"
Rithvin20
    ","1,600,000",People & Blogs,"1,920,390,632",People & Blogs,2022,637
"
asheeya
    ","1,370,000",Entertainment,"1,917,809,587",Entertainment,2019,638
"
The Prince Yadav
    ","4,780,000",Entertainment,"1,916,856,784",Entertainment,2017,639
"
Neetesh Praliya
    ","4,170,000",Entertainment,"1,914,853,063",Entertainment,2016,640
"
Charan Spy
    ","2,860,000",Entertainment,"1,912,953,386",Entertainment,2017,641
"
Everest Marathi
    ","3,690,000",Entertainment,"1,908,281,685",Entertainment,2012,642
"
Hetal's Art
    ","7,480,000",Howto & Style,"1,904,792,579",Howto & Style,2011,643
"
24 News
    ","4,580,000",Entertainment,"1,901,216,477",Entertainment,2015,644
"
Rupa sah
    ","6,510,000",People & Blogs,"1,900,262,244",People & Blogs,2020,645
"
Rengoni TV
    ","2,770,000",,"1,893,118,529",,2013,646
"
Ram Audio
    ","4,500,000",Comedy,"1,892,434,579",Comedy,2011,647
"
LIV Music
    ","4,340,000",,"1,890,016,268",,2020,648
"
BIHARIWOOD - à¤¬à¤¿à¤¹à¤¾à¤°à¥à¤µà¥à¤¡
    ","5,180,000",,"1,889,855,192",,2015,649
"
Cute Life Shorts
    ","4,740,000",,"1,889,612,363",,2021,650
"
diyafavas_official
    ","3,490,000",People & Blogs,"1,884,857,621",People & Blogs,2016,651
"
Behindwoods Ice
    ","2,510,000",Entertainment,"1,879,398,447",Entertainment,2019,652
"
à¤à¤®à¥ Saran
    ","3,600,000",People & Blogs,"1,877,359,753",People & Blogs,2022,653
"
cravingsandcalories vlogs
    ","2,590,000",Education,"1,875,853,566",Education,2017,654
"
Garima's Good Life
    ","4,300,000",People & Blogs,"1,875,290,628",People & Blogs,2018,655
"
News24 Sports
    ","3,150,000",People & Blogs,"1,873,155,215",People & Blogs,2019,656
"
Manish Jodhpuri
    ","4,280,000",Entertainment,"1,872,266,564",Entertainment,2018,657
"
Ujjal Dance Group
    ","7,740,000",Entertainment,"1,870,739,770",Entertainment,2014,658
"
Tech Burner
    ","11,100,000",Science & Technology,"1,868,000,227",Science & Technology,2014,659
"
YOYO TV Channel
    ","3,560,000",News & Politics,"1,863,193,299",News & Politics,2016,660
"
AD-WISE MEDIA ACTION MOVIEPLEX
    ","10,900,000",Entertainment,"1,862,313,152",Entertainment,2014,661
"
BR Chopra & Other TV Serials 
    ","5,140,000",Entertainment,"1,859,925,718",Entertainment,2018,662
"
Masti Tv - Hindi Stories
    ","7,060,000",Entertainment,"1,857,877,016",Entertainment,2019,663
"
NiharikaMovies
    ","3,590,000",Entertainment,"1,850,488,707",Entertainment,2014,664
"
Harpreet SDC Shorts
    ","2,700,000",People & Blogs,"1,849,295,809",People & Blogs,2021,665
"
IBC24
    ","4,670,000",News & Politics,"1,843,203,194",News & Politics,2015,666
"
Pravallika_Richh akka
    ","2,760,000",Comedy,"1,842,944,534",Comedy,2018,667
"
Harsh Beniwal
    ","15,600,000",Comedy,"1,841,400,546",Comedy,2015,668
"
JP Choudhary 
    ","3,970,000",People & Blogs,"1,839,641,149",People & Blogs,2016,669
"
Nitesh Comedian143
    ","3,910,000",Comedy,"1,839,405,831",Comedy,2021,670
"
Upboyraj Comedy
    ","3,500,000",Comedy,"1,838,877,769",Comedy,2018,671
"
RAJA RUBI
    ","2,380,000",Entertainment,"1,837,236,827",Entertainment,2016,672
"
Jugnu Kids - Bangla Nursery Rhymes & Baby Songs
    ","4,260,000",People & Blogs,"1,835,226,693",People & Blogs,2017,673
"
PS TAMIL SONG
    ","3,190,000",Film & Animation,"1,834,742,467",Film & Animation,2015,674
"
Shorts With Raaz
    ","6,320,000",,"1,833,560,184",,2022,675
"
khari pooja
    ","4,490,000",People & Blogs,"1,832,988,381",People & Blogs,2022,676
"
Mumbai Tak
    ","3,030,000",News & Politics,"1,832,319,278",News & Politics,2017,677
"
Incredible Alien
    ","3,290,000",Entertainment,"1,829,633,531",Entertainment,2020,678
"
SanskarTV
    ","9,090,000",,"1,823,013,994",,2013,679
"
popi kitchen with village food
    ","5,150,000",,"1,821,873,055",,2018,680
"
Malik Vlogs
    ","4,250,000",People & Blogs,"1,820,708,495",People & Blogs,2020,681
"
Lokmat Filmy
    ","2,000,000",Entertainment,"1,818,287,662",Entertainment,2016,682
"
Dr. Vivek Bindra: Motivational Speaker
    ","21,300,000",Education,"1,818,275,909",Education,2013,683
"
Premium Digiplex Movies
    ","8,140,000",Film & Animation,"1,817,718,315",Film & Animation,2015,684
"
Telly Bytes - Tele News India
    ","4,190,000",Entertainment,"1,817,007,086",Entertainment,2012,685
"
D Jackson
    ","5,150,000",Entertainment,"1,814,973,540",Entertainment,2020,686
"
Spiritual Mantra
    ","9,140,000",Music,"1,814,702,085",Music,2010,687
"
Mirchi Murga
    ","6,040,000",Comedy,"1,813,365,188",Comedy,2014,688
"
Filmylooks
    ","2,120,000",Entertainment,"1,811,080,085",Entertainment,2016,689
"
Free Fire India Official
    ","12,900,000",People & Blogs,"1,810,768,093",People & Blogs,2018,690
"
Earth 24
    ","2,710,000",,"1,809,732,408",,2018,691
"
Aeon Pix Studios
    ","7,160,000",Film & Animation,"1,807,246,813",Film & Animation,2013,692
"
News7 Tamil
    ","5,100,000",News & Politics,"1,804,489,055",News & Politics,2014,693
"
Brut India
    ","2,800,000",News & Politics,"1,803,379,151",News & Politics,2019,694
"
Learn with Jaspal
    ","3,570,000",,"1,802,237,739",,2021,695
"
Juned Fitness
    ","3,460,000",Entertainment,"1,801,898,869",Entertainment,2014,696
"
Movie Scenes - Angel Digital
    ","3,140,000",Film & Animation,"1,799,512,994",Film & Animation,2016,697
"
Bollywood Hits
    ","5,160,000",People & Blogs,"1,795,561,664",People & Blogs,2021,698
"
CAPITAL TV
    ","3,710,000",,"1,795,531,702",,2019,699
"
Pragati Verma
    ","6,290,000",Entertainment,"1,790,552,700",Entertainment,2018,700
"
SRS Media Vision | Kannada Full Movies
    ","3,810,000",Movies,"1,785,439,468",Movies,2014,701
"
Crazy Cherryboy
    ","2,730,000",Comedy,"1,780,533,769",Comedy,2019,702
"
TV9 Bangla
    ","2,440,000",News & Politics,"1,778,440,329",News & Politics,2020,703
"
Planet Earth INDIA
    ","11,900,000",People & Blogs,"1,777,877,949",People & Blogs,2011,704
"
Marunadan Malayali
    ","2,160,000",News & Politics,"1,777,742,811",News & Politics,2018,705
"
NS Experiment
    ","4,030,000",Entertainment,"1,776,778,783",Entertainment,2019,706
"
Mahi Lakra Vlogs
    ","4,500,000",,"1,775,692,145",,2021,707
"
Eagle Home Entertainments
    ","10,700,000",Entertainment,"1,775,546,477",Entertainment,2015,708
"
Swami Ramdev
    ","10,100,000",,"1,775,121,958",,2010,709
"
Bhojpuri Movies
    ","9,820,000",Movies,"1,772,207,301",Movies,2016,710
"
News18 Tamil Nadu
    ","3,830,000",News & Politics,"1,768,221,123",News & Politics,2016,711
"
Madan Gowri
    ","7,100,000",Entertainment,"1,764,739,650",Entertainment,2013,712
"
Anaysa Shorts
    ","3,890,000",Entertainment,"1,760,902,593",Entertainment,2020,713
"
Street Dog Pluto
    ","5,370,000",Entertainment,"1,760,268,430",Entertainment,2021,714
"
RajatBornstar
    ","2,210,000",Comedy,"1,759,217,397",Comedy,2020,715
"
Examà¤ªà¥à¤°
    ","11,100,000",Education,"1,758,881,581",Education,2016,716
"
News18 Rajasthan
    ","5,100,000",News & Politics,"1,758,578,645",News & Politics,2011,717
"
Hindi Kahaniya Funny Comedy Stories
    ","5,330,000",Entertainment,"1,758,013,273",Entertainment,2017,718
"
MostTechy Shorts
    ","3,330,000",People & Blogs,"1,756,026,326",People & Blogs,2019,719
"
VATS RECORDS
    ","4,270,000",Music,"1,755,814,753",Music,2019,720
"
TIMES NOW
    ","3,790,000",News & Politics,"1,755,498,165",News & Politics,2008,721
"
Meshwa Films
    ","4,680,000",Music,"1,752,837,393",Music,2017,722
"
Indu's Kitchen
    ","2,390,000",People & Blogs,"1,752,384,118",People & Blogs,2021,723
"
BANG Music
    ","4,940,000",Music,"1,751,719,255",Music,2019,724
"
Kapil Sharma
    ","8,670,000",Entertainment,"1,745,572,721",Entertainment,2017,725
"
Always Arya
    ","3,000,000",Entertainment,"1,741,399,518",Entertainment,2017,726
"
Lotus Music
    ","14,500,000",,"1,739,129,375",,2021,727
"
Wanderers Hub Shorts
    ","3,560,000",Entertainment,"1,738,231,229",Entertainment,2021,728
"
Sharma Sisters
    ","3,050,000",People & Blogs,"1,738,206,592",People & Blogs,2019,729
"
Bhajan India
    ","8,680,000",Music,"1,735,789,720",Music,2014,730
"
Mini Foodkey
    ","3,340,000",Howto & Style,"1,732,358,867",Howto & Style,2017,731
"
News18 Kannada
    ","3,040,000",News & Politics,"1,724,858,559",News & Politics,2017,732
"
Hmm!
    ","2,420,000",Travel & Events,"1,721,419,375",Travel & Events,2012,733
"
Jigar Studio
    ","3,910,000",Music,"1,716,396,471",Music,2012,734
"
NRFM-VLOGS
    ","3,380,000",Entertainment,"1,715,532,514",Entertainment,2021,735
"
Wow Kidz Indonesia
    ","3,420,000",Film & Animation,"1,713,039,119",Film & Animation,2017,736
"
Junglee Music Telugu
    ","4,210,000",Entertainment,"1,711,754,730",Entertainment,2012,737
"
Science and fun
    ","5,720,000",Science & Technology,"1,710,746,826",Science & Technology,2013,738
"
Bala Kirthi
    ","2,660,000",People & Blogs,"1,708,251,959",People & Blogs,2012,739
"
LOKESH GAMER
    ","15,500,000",Gaming,"1,695,623,459",Gaming,2017,740
"
Ssoftoons Animation
    ","5,460,000",Film & Animation,"1,695,000,960",Film & Animation,2015,741
"
Rajlaxmi
    ","5,150,000",Music,"1,691,258,268",Music,2017,742
"
Mankirat Aulakh
    ","4,940,000",Music,"1,690,372,106",Music,2015,743
"
journalist sai
    ","783,000",News & Politics,"1,687,456,731",News & Politics,2016,744
"
Mampi. Rahul
    ","2,230,000",Entertainment,"1,684,286,399",Entertainment,2015,745
"
Its rahil Khan 05
    ","7,290,000",Film & Animation,"1,664,837,403",Film & Animation,2018,746
"
SWAPNA TV
    ","2,920,000",,"1,664,586,155",,2018,747
"
Wonder Of Stories
    ","4,050,000",,"1,664,417,129",,2019,748
"
TV9 Telugu Digital
    ","1,660,000",News & Politics,"1,663,769,024",News & Politics,2017,749
"
Velujazz official
    ","2,700,000",People & Blogs,"1,658,345,526",People & Blogs,2012,750
"
Saregama Karaoke
    ","4,610,000",Music,"1,648,812,984",Music,2008,751
"
BiscootTV
    ","2,990,000",Entertainment,"1,645,827,857",Entertainment,2013,752
"
Sona Singh
    ","4,420,000",People & Blogs,"1,643,327,131",People & Blogs,2022,753
"
Karikku
    ","9,090,000",Comedy,"1,642,882,548",Comedy,2016,754
"
Hombale Films
    ","4,510,000",Entertainment,"1,642,846,577",Entertainment,2013,755
"
Tips Punjabi
    ","3,440,000",Music,"1,640,042,756",Music,2015,756
"
Swad official
    ","2,250,000",People & Blogs,"1,638,871,348",People & Blogs,2018,757
"
Sijosh N Riya
    ","1,630,000",Entertainment,"1,636,025,842",Entertainment,2019,758
"
Next9TvNews à¤¸à¥à¤°à¤¿à¤¯à¤² à¤à¤ªà¤¡à¥à¤
    ","2,800,000",Entertainment,"1,634,245,705",Entertainment,2017,759
"
Royal Music Factory
    ","3,570,000",Music,"1,629,666,319",Music,2018,760
"
Jeet Patil
    ","7,140,000",People & Blogs,"1,623,836,960",People & Blogs,2021,761
"
One Media Entertainments
    ","2,570,000",Entertainment,"1,620,067,143",Entertainment,2017,762
"
Thugesh Shorts
    ","3,150,000",Entertainment,"1,617,974,268",Entertainment,2021,763
"
Wave Music Dhamaka
    ","4,060,000",Music,"1,615,227,792",Music,2018,764
"
Filmi Indian
    ","3,970,000",Entertainment,"1,613,891,907",Entertainment,2018,765
"
mastkalandr
    ","3,490,000",People & Blogs,"1,613,873,823",People & Blogs,2008,766
"
Masala Kitchen
    ","6,770,000",Howto & Style,"1,612,905,928",Howto & Style,2016,767
"
Tips  Jhankar Gaane
    ","4,790,000",Entertainment,"1,612,310,571",Entertainment,2013,768
"
RadaanMedia
    ","1,650,000",Entertainment,"1,610,245,144",Entertainment,2012,769
"
Harish hatricks
    ","2,950,000",People & Blogs,"1,607,889,103",People & Blogs,2015,770
"
online news india
    ","5,170,000",News & Politics,"1,607,616,740",News & Politics,2018,771
"
Zee Sarthak
    ","2,630,000",Entertainment,"1,605,584,288",Entertainment,2011,772
"
Odisha Reporter
    ","1,630,000",News & Politics,"1,605,243,395",News & Politics,2015,773
"
SS Right Information World & Suraj Sharma
    ","6,900,000",,"1,604,567,996",,2020,774
"
Mumbiker Nikhil
    ","4,060,000",People & Blogs,"1,601,879,347",People & Blogs,2013,775
"
Rangoli colors and designs by Keerthi
    ","3,740,000",Howto & Style,"1,599,961,744",Howto & Style,2018,776
"
Shemaroo Punjabi
    ","4,260,000",Music,"1,598,023,546",Music,2009,777
"
Zee Studios
    ","3,250,000",Film & Animation,"1,596,453,453",Film & Animation,2015,778
"
Wow Kidz Bangla
    ","3,090,000",Entertainment,"1,596,025,853",Entertainment,2019,779
"
Vivekjadoo Deepika
    ","1,940,000",Entertainment,"1,594,568,992",Entertainment,2020,780
"
Zee Keralam
    ","2,320,000",Entertainment,"1,594,499,374",Entertainment,2018,781
"
Facts Digger Official
    ","3,710,000",,"1,591,257,089",,2021,782
"
CWE India
    ","4,510,000",Entertainment,"1,586,826,429",Entertainment,2015,783
"
GupShupp
    ","2,390,000",Entertainment,"1,583,693,684",Entertainment,2022,784
"
Neelkamal Singh Official
    ","4,730,000",,"1,582,802,885",,2017,785
"
Veg Village Food
    ","5,780,000",Howto & Style,"1,582,531,758",Howto & Style,2014,786
"
CarryisLive
    ","12,000,000",Gaming,"1,578,695,522",Gaming,2017,787
"
Sanjay Dey
    ","1,180,000",Entertainment,"1,577,521,241",Entertainment,2022,788
"
GMJ - Global Music Junction - Bhojpuri
    ","5,450,000",Music,"1,575,894,167",Music,2017,789
"
Malik Fitness Vlog
    ","3,150,000",,"1,575,709,132",,2021,790
"
Suyash Fashion
    ","2,050,000",Howto & Style,"1,574,406,999",Howto & Style,2016,791
"
MostlySane
    ","7,090,000",Comedy,"1,573,667,494",Comedy,2015,792
"
SuperHit Gaane
    ","3,990,000",Music,"1,569,509,974",Music,2021,793
"
Hakson Pro Gaming
    ","8,350,000",Gaming,"1,569,397,818",Gaming,2017,794
"
THE ROTT
    ","2,890,000",Pets & Animals,"1,568,411,946",Pets & Animals,2019,795
"
King
    ","6,250,000",Music,"1,566,759,821",Music,2012,796
"
Mahaa News
    ","1,780,000",News & Politics,"1,565,653,138",News & Politics,2014,797
"
Yippi Gaming
    ","4,790,000",Gaming,"1,562,779,062",Gaming,2020,798
"
Satyajeet Jena Official
    ","9,270,000",Music,"1,561,916,346",Music,2014,799
"
Gunjan Singh Entertainment
    ","3,730,000",,"1,559,248,036",,2018,800
"
Sadhguru
    ","11,600,000",Howto & Style,"1,556,382,003",Howto & Style,2007,801
"
HyperXAbhyuday
    ","1,030,000",Gaming,"1,554,387,468",Gaming,2020,802
"
The Quint
    ","3,750,000",Entertainment,"1,552,946,138",Entertainment,2014,803
"
Sach Talks
    ","7,600,000",,"1,552,395,255",,2018,804
"
Comedy Captain
    ","12,500,000",Comedy,"1,550,290,790",Comedy,2016,805
"
Bharatiya Janata Party
    ","5,020,000",News & Politics,"1,548,421,836",News & Politics,2010,806
"
Chill Pannu Maapi
    ","3,480,000",Entertainment,"1,544,802,618",Entertainment,2020,807
"
B4U Movies
    ","6,160,000",Film & Animation,"1,542,744,439",Film & Animation,2011,808
"
Coke Studio India 
    ","5,560,000",Entertainment,"1,538,301,265",Entertainment,2011,809
"
Yashi Music
    ","5,050,000",Music,"1,535,290,523",Music,2017,810
"
Boldsky
    ","5,610,000",Howto & Style,"1,535,066,015",Howto & Style,2015,811
"
Classic Mini Food
    ","2,450,000",Howto & Style,"1,533,327,811",Howto & Style,2020,812
"
SR Brothers
    ","6,030,000",Entertainment,"1,532,514,763",Entertainment,2018,813
"
Ultra Marathi
    ","3,590,000",Entertainment,"1,532,024,552",Entertainment,2009,814
"
ROCK INDIAN GAMER
    ","2,580,000",,"1,530,319,235",,2018,815
"
Riddhi thalassemia major girl
    ","3,910,000",Entertainment,"1,529,597,144",Entertainment,2017,816
"
Oolfat
    ","2,240,000",Comedy,"1,528,028,973",Comedy,2013,817
"
DIL Music
    ","4,400,000",Music,"1,527,744,694",Music,2011,818
"
Sri Ganesh Videos
    ","3,120,000",Entertainment,"1,524,216,765",Entertainment,2013,819
"
AR Entertainments Movies
    ","2,770,000",Entertainment,"1,521,942,029",Entertainment,2014,820
"
Facts Dastan
    ","4,300,000",,"1,521,776,951",,2021,821
"
Majedar Kahaniya
    ","5,390,000",Entertainment,"1,518,233,370",Entertainment,2017,822
"
Ganesh Videos
    ","3,760,000",Film & Animation,"1,517,199,102",Film & Animation,2014,823
"
Ajay Chauhan
    ","3,570,000",Entertainment,"1,517,181,266",Entertainment,2015,824
"
Kahani Har Ghar Ki
    ","3,210,000",,"1,511,127,093",,2018,825
"
YesSmartyPie
    ","5,760,000",Gaming,"1,510,816,791",Gaming,2018,826
"
Hindustan Gamer
    ","4,030,000",Gaming,"1,509,807,559",Gaming,2015,827
"
SEPL VIDEO
    ","4,720,000",Film & Animation,"1,508,087,715",Film & Animation,2012,828
"
Mr & Mrs Choudhary
    ","4,710,000",People & Blogs,"1,507,411,224",People & Blogs,2013,829
"
The Viral Fever
    ","12,000,000",Entertainment,"1,504,637,730",Entertainment,2011,830
"
Lehren Retro
    ","3,220,000",Entertainment,"1,503,141,585",Entertainment,2011,831
"
Mani Meraj Vines
    ","8,190,000",,"1,502,488,635",,2018,832
"
MadhurasRecipe Marathi
    ","7,180,000",Howto & Style,"1,501,794,104",Howto & Style,2016,833
"
ANI News
    ","3,700,000",News & Politics,"1,498,877,127",News & Politics,2015,834
"
Shemaroo Kannada
    ","3,940,000",Entertainment,"1,498,834,501",Entertainment,2011,835
"
Onespot Gaming
    ","3,470,000",Gaming,"1,497,906,895",Gaming,2016,836
"
Hairstyle Tutorial
    ","1,330,000",Education,"1,496,319,128",Education,2020,837
"
Resty kamboj
    ","1,580,000",Entertainment,"1,491,985,663",Entertainment,2014,838
"
Rkholic teena
    ","3,770,000",People & Blogs,"1,489,601,415",People & Blogs,2022,839
"
API Tamil Songs
    ","2,270,000",Entertainment,"1,489,236,567",Entertainment,2012,840
"
IMR Films
    ","3,340,000",Entertainment,"1,488,293,936",Entertainment,2014,841
"
Sarkari Foodie
    ","1,480,000",People & Blogs,"1,485,925,443",People & Blogs,2022,842
"
Vismai Food
    ","3,810,000",Howto & Style,"1,482,075,727",Howto & Style,2016,843
"
Filmy Crazy
    ","3,470,000",Entertainment,"1,481,408,095",Entertainment,2018,844
"
Galatta Pink
    ","1,710,000",Entertainment,"1,480,799,242",Entertainment,2021,845
"
Danish5star
    ","2,960,000",People & Blogs,"1,480,750,410",People & Blogs,2019,846
"
Kannada Super Scenes
    ","2,580,000",People & Blogs,"1,479,787,644",People & Blogs,2015,847
"
Sanjeev Kapoor Khazana 
    ","7,370,000",Howto & Style,"1,478,655,587",Howto & Style,2009,848
"
ALBUM CREATIONS
    ","3,070,000",Entertainment,"1,478,290,291",Entertainment,2017,849
"
Pebbles live
    ","4,800,000",Education,"1,477,118,162",Education,2013,850
"
News18 Odia
    ","2,560,000",News & Politics,"1,472,051,534",News & Politics,2015,851
"
BR Bhai
    ","3,490,000",Entertainment,"1,471,032,326",Entertainment,2016,852
"
Spice ASMR
    ","3,750,000",Entertainment,"1,468,012,097",Entertainment,2017,853
"
shravani's kitchen
    ","4,060,000",Howto & Style,"1,466,902,043",Howto & Style,2016,854
"
UnGraduate Gamer
    ","8,100,000",Gaming,"1,461,411,794",Gaming,2018,855
"
Dear Sir
    ","16,600,000",Education,"1,460,022,376",Education,2016,856
"
satyamvideos
    ","1,990,000",Music,"1,459,660,074",Music,2013,857
"
Jagriti Vishali Shorts
    ","2,010,000",Entertainment,"1,457,142,986",Entertainment,2020,858
"
SGV Digital - Kannada Full Movies
    ","3,880,000",Entertainment,"1,453,363,899",Entertainment,2015,859
"
Naveen Ricky
    ","2,180,000",People & Blogs,"1,452,111,127",People & Blogs,2020,860
"
chatpat toy tv
    ","5,630,000",,"1,447,581,743",,2019,861
"
DRJ Records Movies 
    ","9,570,000",Film & Animation,"1,446,223,736",Film & Animation,2015,862
"
MX Player
    ","3,730,000",Entertainment,"1,446,188,314",Entertainment,2011,863
"
Sidharth Music
    ","3,440,000",Entertainment,"1,444,126,784",Entertainment,2016,864
"
HooplaKidz TV - Funny Cartoons For Kids
    ","3,800,000",Education,"1,440,206,024",Education,2012,865
"
Pocket Films
    ","3,750,000",Film & Animation,"1,430,088,105",Film & Animation,2009,866
"
Maahi Queen
    ","4,490,000",Entertainment,"1,428,778,649",Entertainment,2016,867
"
Prasadtechintelugu
    ","4,250,000",Science & Technology,"1,428,205,264",Science & Technology,2015,868
"
Shree Jee - Bhakti
    ","6,530,000",Music,"1,428,186,695",Music,2016,869
"
Flyingmeenaboi
    ","4,150,000",,"1,426,700,580",,2013,870
"
DRJ Records Zest
    ","8,650,000",Entertainment,"1,426,613,215",Entertainment,2017,871
"
Zee Bihar Jharkhand
    ","4,250,000",News & Politics,"1,415,394,271",News & Politics,2014,872
"
Rhythm Boyz
    ","3,100,000",Music,"1,413,941,505",Music,2015,873
"
TsMadaan
    ","12,000,000",Howto & Style,"1,413,337,704",Howto & Style,2008,874
"
India Forums
    ","3,590,000",Entertainment,"1,410,481,186",Entertainment,2010,875
"
ALTT
    ","4,330,000",Entertainment,"1,401,957,787",Entertainment,2016,876
"
Trending Theeviravadhi
    ","4,800,000",Entertainment,"1,401,407,383",Entertainment,2020,877
"
Desi Version
    ","3,950,000",Entertainment,"1,400,234,979",Entertainment,2014,878
"
Gotcha! Hindi
    ","3,330,000",People & Blogs,"1,399,052,584",People & Blogs,2021,879
"
AmdavadiMan Ni Duniya
    ","2,180,000",People & Blogs,"1,396,929,996",People & Blogs,2019,880
"
Shruti Shorts
    ","2,610,000",Comedy,"1,394,136,954",Comedy,2018,881
"
Bamb Beats
    ","4,150,000",People & Blogs,"1,393,458,718",People & Blogs,2017,882
"
Badge 99
    ","10,100,000",Gaming,"1,393,054,225",Gaming,2016,883
"
SIIMA
    ","3,270,000",People & Blogs,"1,391,848,411",People & Blogs,2015,884
"
Riya Films
    ","4,100,000",,"1,390,265,919",,2015,885
"
Bollywood pe Charcha
    ","2,050,000",Entertainment,"1,389,216,396",Entertainment,2017,886
"
Nakkalites
    ","5,190,000",Comedy,"1,388,039,286",Comedy,2017,887
"
Sri Balaji Comedy
    ","2,660,000",Entertainment,"1,387,799,820",Entertainment,2013,888
"
Official Deep Kaur Shorts
    ","2,380,000",People & Blogs,"1,385,120,335",People & Blogs,2021,889
"
manoramaMAX
    ","1,860,000",Entertainment,"1,385,085,257",Entertainment,2019,890
"
GoldminesAction
    ","12,600,000",Film & Animation,"1,384,384,953",Film & Animation,2015,891
"
Indian Farmer
    ","4,070,000",Howto & Style,"1,382,783,727",Howto & Style,2018,892
"
FACT FIRE KING
    ","14,200,000",,"1,382,613,867",,2020,893
"
Official the jeet
    ","5,620,000",Entertainment,"1,382,034,045",Entertainment,2021,894
"
Trakin Shorts
    ","2,550,000",People & Blogs,"1,377,710,676",People & Blogs,2021,895
"
Fukra Insaan
    ","9,040,000",People & Blogs,"1,376,833,442",People & Blogs,2019,896
"
IKRU Entertainments
    ","2,150,000",Comedy,"1,376,664,434",Comedy,2016,897
"
SVF Music
    ","3,310,000",Music,"1,376,060,075",Music,2016,898
"
Rajshri Soul
    ","3,430,000",Music,"1,374,863,233",Music,2009,899
"
Rojgar with Ankit
    ","9,880,000",,"1,371,205,547",,2017,900
"
Aryan verma studios
    ","4,860,000",Howto & Style,"1,369,534,100",Howto & Style,2017,901
"
Wings Marathi
    ","4,560,000",Entertainment,"1,368,367,087",Entertainment,2010,902
"
Video Palace
    ","2,670,000",Music,"1,366,557,951",Music,2010,903
"
Too Much Facts
    ","2,770,000",,"1,365,869,359",,2020,904
"
COMEDY SONOTEK
    ","4,400,000",People & Blogs,"1,363,903,930",People & Blogs,2016,905
"
Spread Love - Satheesh Shanmu
    ","1,620,000",Entertainment,"1,362,531,369",Entertainment,2020,906
"
Sarpmitra Akash Jadhav
    ","5,340,000",Pets & Animals,"1,361,823,533",Pets & Animals,2017,907
"
âRespect
    ","2,190,000",Sports,"1,358,969,369",Sports,2021,908
"
DawsenTv - Bengali Stories & Rhymes
    ","3,360,000",Film & Animation,"1,357,237,576",Film & Animation,2013,909
"
Shemaroo Telugu
    ","3,070,000",Entertainment,"1,357,151,455",Entertainment,2009,910
"
Tanmay Bhat
    ","4,550,000",Comedy,"1,353,989,207",Comedy,2006,911
"
Manorama Music Songs
    ","2,560,000",Music,"1,353,727,995",Music,2013,912
"
Nirahua Entertainment
    ","3,130,000",Entertainment,"1,351,150,445",Entertainment,2017,913
"
VeerParul Official
    ","2,990,000",Comedy,"1,350,744,849",Comedy,2022,914
"
Sachet Parampara
    ","4,850,000",Music,"1,348,754,433",Music,2011,915
"
Pandit Pradeep Ji Mishra Sehore Wale
    ","5,970,000",People & Blogs,"1,344,100,133",People & Blogs,2012,916
"
Universe Adventure
    ","7,690,000",Science & Technology,"1,342,127,894",Science & Technology,2016,917
"
Yuki Music
    ","5,090,000",Music,"1,340,423,152",Music,2014,918
"
Jubin Nautiyal
    ","5,970,000",Music,"1,339,751,253",Music,2009,919
"
Sheethal And Vinu
    ","1,790,000",Entertainment,"1,339,293,431",Entertainment,2021,920
"
Music Master | Tamil Songs | Ilayaraja
    ","2,450,000",Music,"1,337,759,309",Music,2016,921
"
Jatt Life Studios
    ","2,850,000",Music,"1,335,362,329",Music,2018,922
"
Bolly Kick
    ","8,800,000",Film & Animation,"1,334,713,355",Film & Animation,2011,923
"
Grandpa Kitchen
    ","9,480,000",Howto & Style,"1,332,681,137",Howto & Style,2017,924
"
Veggie Paaji
    ","3,310,000",Entertainment,"1,328,381,816",Entertainment,2016,925
"
Khushbu Style
    ","3,130,000",Howto & Style,"1,325,440,300",Howto & Style,2017,926
"
Nitin Narware
    ","4,470,000",Comedy,"1,325,169,813",Comedy,2020,927
"
Manish saini
    ","4,000,000",Comedy,"1,323,766,113",Comedy,2019,928
"
Bihar Tak
    ","3,280,000",News & Politics,"1,323,610,973",News & Politics,2018,929
"
aha videoIN
    ","2,570,000",Entertainment,"1,321,854,323",Entertainment,2020,930
"
LOL (Life of Limbachiyaaâs)
    ","4,300,000",Entertainment,"1,318,427,545",Entertainment,2021,931
"
Shabad Gurbani
    ","3,460,000",Music,"1,315,172,284",Music,2011,932
"
Elvish yadav
    ","14,600,000",Comedy,"1,311,129,311",Comedy,2016,933
"
Josh -  Hindi Stories Comedy Videos
    ","4,000,000",Entertainment,"1,307,957,778",Entertainment,2019,934
"
DisneyPlus Hotstar_IN
    ","1,660,000",Entertainment,"1,305,882,316",Entertainment,2019,935
"
Nova Spiritual India
    ","4,550,000",Music,"1,305,470,330",Music,2015,936
"
Best In Bollywood
    ","3,320,000",Entertainment,"1,305,360,072",Entertainment,2011,937
"
sansCARi sumit
    ","1,140,000",Autos & Vehicles,"1,303,192,477",Autos & Vehicles,2010,938
"
CRUX
    ","2,210,000",News & Politics,"1,301,110,855",News & Politics,2016,939
"
Ramsivasa Tamil
    ","1,520,000",Howto & Style,"1,300,462,701",Howto & Style,2018,940
"
Meditative Mind
    ","5,420,000",Music,"1,293,943,632",Music,2009,941
"
Team Kunjippuzhu by Nikhil & Lena
    ","1,570,000",Comedy,"1,293,501,389",Comedy,2019,942
"
Action Tadka India
    ","4,320,000",Film & Animation,"1,288,406,141",Film & Animation,2014,943
"
Indonesian Fairy Tales
    ","3,980,000",Film & Animation,"1,287,367,585",Film & Animation,2016,944
"
T-Series Islamic Music
    ","4,510,000",Entertainment,"1,287,091,133",Entertainment,2014,945
"
Fever FM
    ","2,140,000",Entertainment,"1,283,116,983",Entertainment,2013,946
"
Vikasverma 
    ","2,100,000",Comedy,"1,282,888,662",Comedy,2017,947
"
Mai Mohini
    ","2,870,000",Comedy,"1,279,570,794",Comedy,2021,948
"
MortaL
    ","7,000,000",Gaming,"1,279,486,355",Gaming,2013,949
"
Akshara Singh
    ","4,070,000",Music,"1,278,140,327",Music,2017,950
"
Son And Dad
    ","3,060,000",People & Blogs,"1,276,982,152",People & Blogs,2022,951
"
Behindwoods Hits
    ","1,330,000",Film & Animation,"1,275,994,653",Film & Animation,2022,952
"
Mayur Thakur
    ","5,640,000",People & Blogs,"1,275,643,320",People & Blogs,2021,953
"
Adda247 
    ","7,630,000",Education,"1,274,786,688",Education,2016,954
"
Rachitroo
    ","5,900,000",Gaming,"1,273,655,811",Gaming,2015,955
"
Khushi - Hindi Stories Super Comedy Videos
    ","3,990,000",Entertainment,"1,271,569,477",Entertainment,2019,956
"
Chintu Toons
    ","2,510,000",Entertainment,"1,271,223,556",Entertainment,2019,957
"
ATIF FC
    ","3,510,000",Entertainment,"1,270,787,153",Entertainment,2019,958
"
Drishti IAS
    ","10,900,000",People & Blogs,"1,270,207,694",People & Blogs,2017,959
"
Sonotek Haryanvi
    ","10,000,000",Music,"1,267,633,376",Music,2015,960
"
Assassins ARMY
    ","10,100,000",Gaming,"1,265,666,274",Gaming,2019,961
"
Dancefit Live
    ","6,070,000",Entertainment,"1,265,269,177",Entertainment,2016,962
"
Ultra Action Hits
    ","6,440,000",Entertainment,"1,264,193,214",Entertainment,2016,963
"
Peekaboo Kidz
    ","4,040,000",Education,"1,263,582,247",Education,2014,964
"
NTM Cinemas
    ","4,390,000",Film & Animation,"1,263,265,854",Film & Animation,2016,965
"
Laksh Dadwani
    ","1,370,000",People & Blogs,"1,262,732,355",People & Blogs,2020,966
"
Village Food Channel
    ","7,480,000",People & Blogs,"1,262,632,025",People & Blogs,2018,967
"
Rehaan Roy
    ","3,060,000",People & Blogs,"1,261,353,949",People & Blogs,2011,968
"
Swara Singh
    ","4,250,000",People & Blogs,"1,258,361,791",People & Blogs,2020,969
"
Chu Chu Ke Funs
    ","3,890,000",Entertainment,"1,258,332,498",Entertainment,2016,970
"
Mango Videos
    ","3,130,000",Entertainment,"1,256,600,949",Entertainment,2008,971
"
News18 Lokmat
    ","2,650,000",News & Politics,"1,256,527,814",News & Politics,2011,972
"
rajuindori
    ","1,870,000",Comedy,"1,255,767,275",Comedy,2016,973
"
Tips Theatre
    ","4,360,000",Education,"1,254,647,352",Education,2018,974
"
Arbaaz Shaikh
    ","4,410,000",People & Blogs,"1,254,373,550",People & Blogs,2022,975
"
Samreen Ali
    ","4,420,000",Comedy,"1,253,148,464",Comedy,2016,976
"
arunj224
    ","1,880,000",Entertainment,"1,250,501,686",Entertainment,2013,977
"
Delicious Food
    ","4,180,000",Howto & Style,"1,249,596,712",Howto & Style,2019,978
"
Home entertainment and vlog
    ","1,860,000",People & Blogs,"1,247,842,617",People & Blogs,2013,979
"
Ruptara Vlogs
    ","1,850,000",People & Blogs,"1,247,810,828",People & Blogs,2021,980
"
 FS star News
    ","2,430,000",Entertainment,"1,246,720,621",Entertainment,2017,981
"
Play DMF
    ","3,930,000",Entertainment,"1,246,285,918",Entertainment,2018,982
"
wifistudy 2.0 by Unacademy
    ","5,800,000",People & Blogs,"1,245,847,394",People & Blogs,2017,983
"
TellyTalkIndia
    ","2,140,000",News & Politics,"1,240,618,489",News & Politics,2013,984
"
Missjasleenarora
    ","2,230,000",People & Blogs,"1,239,465,915",People & Blogs,2020,985
"
TFPC
    ","1,780,000",Entertainment,"1,239,070,533",Entertainment,2014,986
"
LoveSHEET
    ","4,760,000",Music,"1,238,108,751",Music,2017,987
"
Dynamo Gaming
    ","9,970,000",People & Blogs,"1,237,997,428",People & Blogs,2010,988
"
Cineulagam
    ","2,820,000",Entertainment,"1,236,044,205",Entertainment,2011,989
"
Shri Devkinandan Thakur Ji 
    ","4,780,000",People & Blogs,"1,234,939,704",People & Blogs,2014,990
"
Telugu Foodie
    ","1,290,000",Entertainment,"1,233,801,767",Entertainment,2022,991
"
Khandesh Zone
    ","3,170,000",Comedy,"1,232,911,226",Comedy,2019,992
"
Vivek Talk
    ","7,490,000",,"1,231,993,354",,2019,993
"
Saga Music Haryanvi
    ","2,980,000",Music,"1,231,306,590",Music,2010,994
"
Lalitha Audios And Videos
    ","2,850,000",Music,"1,231,073,209",Music,2012,995
"
Hitz Music
    ","4,280,000",Music,"1,230,990,611",Music,2017,996
"
Gaane Filmi
    ","2,790,000",Music,"1,230,850,659",Music,2021,997
"
Vijay shorts
    ","1,790,000",People & Blogs,"1,228,515,815",People & Blogs,2019,998
"
Elvish Yadav Vlogs
    ","7,570,000",People & Blogs,"1,228,220,319",People & Blogs,2019,999
"
Nandighosha TV
    ","2,530,000",News & Politics,"1,225,376,998",News & Politics,2016,1000
